0.080742468741066706,0.087859586046510285,0.096694628218785064,0.10111214930492245,0.095467539028191328,0.085159989827204088,0.10037589579056622,0.096940046056903817,0.096694628218785064,0.10062131362868497,0.10356632768610989,0.097676299571260033,0.10405716336234737,0.11019260931531598,0.10921093796284098,0.11804598013511577,0.10945635580095973,0.10822926661036601,0.12295433689749063,0.12074557635442196,0.11191053418214718,0.12491767960244059,0.12810811149798426,0.12025474067818447,0.12688102230739054,0.13277105042224041,0.1227089190593719,0.13129854339352795,0.13743398934649653,0.13154396123164669,0.14356943529946511,0.13694315367025903,0.13424355745095284,0.13890649637520899,0.13669773583214032,0.13375272177471537,0.14258776394699016,0.14185151043263391,0.1479869563856025,0.14651444935689006,0.14577819584253385,0.1450419423281776,0.15142280611926492,0.14995029909055246,0.15534949152916483,0.14160609259451515,0.15804908774847101,0.14013358556580269,0.14700528503312751,0.14945946341431496,0.15314073098609615,0.14037900340392145,0.14602361368065256,0.15510407369104606,0.14430568881382136,0.14896862773807748,0.14430568881382136,0.13817024286085278,0.15142280611926492,0.13817024286085278,0.14356943529946511,0.13841566069897152,0.13645231799402155,0.14037900340392145,0.14013358556580269,0.13866107853709025,0.15731283423411477,0.13497981096530909,0.14037900340392145,0.12835352933610303,0.13252563258412167,0.13767940718461527,0.13326188609847786,0.13080770771729044,0.13080770771729044,0.12565393311679682,0.12099099419254071,0.1227089190593719,0.12050015851630322,0.11730972662075954,0.11730972662075954,0.11510096607769085,0.11902765148759074,0.11191053418214718,0.10602050606729733,0.10283007417175366,0.11289220553462215,0.10430258120046612,0.11092886282967218,0.096940046056903817,0.099639642276209986,0.10086673146680369,0.099639642276209986,0.093749614161360142,0.093749614161360142,0.092031689294528929,0.094240449837597606,0.08638707901779781,0.086877914694035288,0.084669154150966611
0.10013047795244746,0.096940046056903817,0.10283007417175366,0.10062131362868497,0.10503883471482234,0.10184840281927868,0.11191053418214718,0.11191053418214718,0.10675675958165355,0.1087201022866035,0.12221808338313442,0.12221808338313442,0.11951848716382822,0.1227089190593719,0.1266356044692718,0.13105312555540918,0.1357160644796653,0.13129854339352795,0.13154396123164669,0.1244268439262031,0.13767940718461527,0.13890649637520899,0.12933520068857798,0.1357160644796653,0.12393600824996563,0.13890649637520899,0.13620690015590281,0.13890649637520899,0.15264989530985865,0.15314073098609615,0.14406027097570262,0.14995029909055246,0.15755825207223353,0.14675986719500878,0.1501957169286712,0.15682199855787729,0.14945946341431496,0.15804908774847101,0.1607486839677772,0.15853992342470849,0.15976701261530221,0.15878534126282726,0.17105623316876442,0.16565704073015208,0.15240447747173991,0.16614787640638956,0.16393911586332088,0.16737496559698326,0.16123951964401464,0.16860205478757698,0.17375582938807058,0.17890960398856426,0.16958372614005196,0.15289531314797741,0.17031997965440818,0.16222119099648966,0.15829450558658975,0.16565704073015208,0.15755825207223353,0.15510407369104606,0.15264989530985865,0.16418453370143959,0.15976701261530221,0.15461323801480858,0.15461323801480858,0.14356943529946511,0.14774153854748376,0.1681112191113395,0.14872320989995874,0.14651444935689006,0.16492078721579584,0.14234234610887139,0.14823237422372124,0.14528736016629634,0.14037900340392145,0.14086983908015893,0.14307859962322764,0.13178937906976543,0.12712644014550931,0.12761727582174678,0.14553277800441508,0.13448897528907158,0.11632805526828457,0.12516309744055934,0.12908978285045924,0.13007145420293423,0.11632805526828457,0.1165734731064033,0.12467226176432185,0.10675675958165355,0.1070021774197723,0.11141969850590969,0.10184840281927868,0.10086673146680369,0.10405716336234737,0.11068344499155346,0.089332093075222746,0.097676299571260033,0.087368750370272794,0.10381174552422863
0.10970177363907849,0.11141969850590969,0.11362845904897838,0.11534638391580958,0.11141969850590969,0.11510096607769085,0.11289220553462215,0.1070021774197723,0.11730972662075954,0.1165734731064033,0.13228021474600293,0.11951848716382822,0.13178937906976543,0.12908978285045924,0.12761727582174678,0.14283318178510887,0.15289531314797741,0.14283318178510887,0.14136067475639644,0.14651444935689006,0.1445511066519401,0.1519136417955024,0.14553277800441508,0.1607486839677772,0.16369369802520212,0.14774153854748376,0.15534949152916483,0.15731283423411477,0.16393911586332088,0.16025784829153972,0.16418453370143959,0.16762038343510199,0.17596458993113928,0.17130165100688319,0.16860205478757698,0.17989127534103921,0.17694626128361426,0.17105623316876442,0.17031997965440818,0.17621000776925802,0.18283628939846411,0.17081081533064568,0.18357254291282035,0.17301957587371442,0.18578130345588906,0.17964585750292048,0.18062752885539546,0.18676297480836404,0.18136378236975167,0.18749922832272028,0.18062752885539546,0.18136378236975167,0.17571917209302057,0.18332712507470161,0.18406337858905786,0.18087294669351417,0.18553588561777032,0.18332712507470161,0.1865175569702453,0.16173035532025215,0.18848089967519521,0.16860205478757698,0.17154706884500193,0.17449208290242682,0.17670084344549553,0.15608574504352105,0.16541162289203332,0.16639329424450833,0.16516620505391458,0.16320286234896464,0.16982914397817073,0.16786580127322073,0.15976701261530221,0.15657658071975855,0.16639329424450833,0.14602361368065256,0.16050326612965848,0.15044113476678997,0.15584032720540231,0.1450419423281776,0.14332401746134638,0.1357160644796653,0.13448897528907158,0.13375272177471537,0.12491767960244059,0.1357160644796653,0.12884436501234051,0.13252563258412167,0.13252563258412167,0.12344517257372814,0.12958061852669672,0.12172724770689693,0.11681889094452205,0.12123641203065942,0.11436471256333461,0.11804598013511577,0.10430258120046612,0.1087201022866035,0.10773843093412852,0.096940046056903817
0.11706430878264079,0.12221808338313442,0.12393600824996563,0.1227089190593719,0.12737185798362802,0.12295433689749063,0.12589935095491558,0.13767940718461527,0.14700528503312751,0.13252563258412167,0.14258776394699016,0.14675986719500878,0.14651444935689006,0.14872320989995874,0.14675986719500878,0.15584032720540231,0.16001243045342098,0.15633116288163981,0.15976701261530221,0.16246660883460839,0.15264989530985865,0.16737496559698326,0.17571917209302057,0.16884747262569574,0.17645542560737679,0.17228332235935817,0.17866418615044549,0.16663871208262707,0.16344828018708338,0.17890960398856426,0.18308170723658287,0.18332712507470161,0.18553588561777032,0.19608885265687628,0.19388009211380763,0.18062752885539546,0.18725381048460155,0.19019882454202644,0.18749922832272028,0.19927928455241997,0.19854303103806373,0.19314383859945139,0.21596769754449452,0.20124262725736994,0.20762349104845726,0.19338925643757013,0.19927928455241997,0.20369680563855735,0.19289842076133265,0.19707052400935129,0.20516931266726982,0.19780677752370748,0.20246971644796363,0.20197888077172615,0.19780677752370748,0.20173346293360739,0.19878844887618249,0.1894625710276702,0.19535259914252007,0.19927928455241997,0.19363467427568887,0.20467847699103234,0.18897173535143272,0.19608885265687628,0.19805219536182625,0.18504504994153281,0.18725381048460155,0.18259087156034537,0.18087294669351417,0.18308170723658287,0.1894625710276702,0.17031997965440818,0.18357254291282035,0.17989127534103921,0.17252874019747691,0.18038211101727669,0.16123951964401464,0.16860205478757698,0.16197577315837089,0.17031997965440818,0.16148493748213341,0.16271202667272713,0.16688412992074575,0.15608574504352105,0.15264989530985865,0.14577819584253385,0.14406027097570262,0.14136067475639644,0.13473439312719035,0.13547064664154659,0.12982603636481546,0.13792482502273404,0.13154396123164669,0.13399813961283411,0.12319975473560939,0.12540851527867808,0.11804598013511577,0.12025474067818447,0.11902765148759074,0.11387387688709713
0.13031687204105294,0.12246350122125316,0.13866107853709025,0.12884436501234051,0.13031687204105294,0.14430568881382136,0.14062442124204019,0.15338614882421489,0.15289531314797741,0.14111525691827767,0.1595215947771835,0.14626903151877133,0.15780366991035227,0.16835663694945824,0.16050326612965848,0.16762038343510199,0.16909289046381448,0.16786580127322073,0.17130165100688319,0.16614787640638956,0.18872631751331398,0.19068966021826395,0.17277415803559562,0.18038211101727669,0.19118049589450145,0.19412550995192634,0.19240758508509515,0.20050637374301369,0.19486176346628256,0.19559801698063881,0.20467847699103234,0.19486176346628256,0.20639640185786354,0.20345138780043859,0.20885058023905098,0.21032308726776344,0.21130475862023843,0.21424977267766335,0.21572227970637578,0.21400435483954461,0.22308481484993811,0.23191985702221291,0.22161230782122562,0.21474060835390085,0.21375893700142587,0.21817645808756322,0.21964896511627571,0.22038521863063196,0.22136688998310691,0.2206306364687507,0.22480273971676931,0.22038521863063196,0.22848400728855045,0.2206306364687507,0.2206306364687507,0.21449519051578211,0.22161230782122562,0.23682821378458777,0.22922026080290669,0.22185772565934436,0.22234856133558187,0.22283939701181937,0.21130475862023843,0.20615098401974483,0.20909599807716969,0.20173346293360739,0.20590556618162603,0.20516931266726982,0.19878844887618249,0.21228642997271338,0.21105934078211966,0.20713265537221978,0.20320596996231985,0.19363467427568887,0.19314383859945139,0.17768251479797051,0.1899534067039077,0.18357254291282035,0.19093507805638266,0.17596458993113928,0.17768251479797051,0.18283628939846411,0.16712954775886457,0.16737496559698326,0.16295744451084587,0.17228332235935817,0.15706741639599603,0.1595215947771835,0.15338614882421489,0.16148493748213341,0.15068655260490868,0.15044113476678997,0.14209692827075265,0.14995029909055246,0.14430568881382136,0.13473439312719035,0.13448897528907158,0.12859894717422174,0.13473439312719035,0.12123641203065942
0.14136067475639644,0.14185151043263391,0.13448897528907158,0.14774153854748376,0.14602361368065256,0.15485865585292732,0.15633116288163981,0.16516620505391458,0.15804908774847101,0.16123951964401464,0.17277415803559562,0.1595215947771835,0.17498291857866433,0.18038211101727669,0.17743709695985177,0.18332712507470161,0.18921715318955146,0.18921715318955146,0.1894625710276702,0.20320596996231985,0.19068966021826395,0.21081392294400092,0.19682510617123253,0.20296055212420114,0.20762349104845726,0.20664181969598228,0.22210314349746313,0.22897484296478796,0.2314290213459754,0.22333023268805685,0.23167443918409414,0.22602982890736306,0.22333023268805685,0.22480273971676931,0.23339236405092534,0.2297110964791442,0.23535570675587533,0.236582795946469,0.23805530297518149,0.24762659866181252,0.23633737810835026,0.25940665489151221,0.24173657054696265,0.25474371596725603,0.23854613865141899,0.24345449541379385,0.2493445235286437,0.23928239216577524,0.24689034514745628,0.25081703055735616,0.25547996948161228,0.24124573487072518,0.2422274062232001,0.24468158460438758,0.25032619488111868,0.24983535920488117,0.26333334030141209,0.25228953758606859,0.23461945324151909,0.23290152837468789,0.24247282406131884,0.23633737810835026,0.236582795946469,0.24909910569052493,0.23167443918409414,0.2422274062232001,0.21891271160191947,0.2257844110692443,0.22087605430686943,0.22676608242171928,0.2206306364687507,0.22136688998310691,0.21842187592568196,0.20271513428608237,0.21400435483954461,0.21032308726776344,0.21670395105885076,0.21204101213459467,0.20394222347667609,0.20271513428608237,0.18970798886578896,0.18676297480836404,0.19805219536182625,0.17719167912173303,0.18381796075093912,0.17007456181628944,0.17031997965440818,0.17081081533064568,0.16393911586332088,0.17130165100688319,0.15976701261530221,0.16614787640638956,0.15755825207223353,0.15608574504352105,0.15338614882421489,0.14037900340392145,0.14725070287124628,0.13817024286085278,0.14406027097570262,0.1445511066519401
0.14995029909055246,0.15657658071975855,0.16246660883460839,0.15804908774847101,0.15755825207223353,0.17473750074054559,0.16418453370143959,0.17596458993113928,0.17940043966480171,0.18062752885539546,0.17498291857866433,0.18332712507470161,0.18848089967519521,0.19338925643757013,0.19707052400935129,0.1899534067039077,0.20296055212420114,0.21130475862023843,0.21891271160191947,0.21645853322073202,0.22357565052617562,0.21007766942964468,0.22848400728855045,0.2257844110692443,0.23928239216577524,0.23805530297518149,0.24517242028062508,0.24026406351825019,0.2422274062232001,0.2370736316227065,0.24247282406131884,0.25204411974794988,0.25032619488111868,0.24787201649993126,0.2515532840717124,0.25891581921527473,0.27388630734051805,0.27781299275041799,0.27364088950239934,0.27634048572170555,0.28173967816031786,0.28075800680784291,0.2746225608548743,0.27756757491229922,0.25989749056774969,0.27904008194101171,0.26652377219695572,0.26848711490190569,0.28443927437962407,0.28443927437962407,0.28443927437962407,0.28566636357021774,0.26676919003507454,0.27658590355982421,0.26848711490190569,0.27486797869299306,0.27584965004546808,0.2694687862543807,0.26014290840586846,0.26578751868259953,0.26357875813953086,0.26750544354943073,0.25916123705339345,0.26897795057814317,0.25817956570091849,0.25621622299596852,0.26799627922566821,0.25204411974794988,0.24468158460438758,0.24320907757567509,0.24124573487072518,0.24639950947121878,0.23216527486033164,0.22946567864102546,0.21915812944003821,0.22234856133558187,0.22406648620241307,0.21964896511627571,0.22136688998310691,0.22308481484993811,0.21253184781083212,0.20835974456281348,0.20516931266726982,0.1951071813044013,0.19927928455241997,0.20737807321033852,0.19682510617123253,0.18897173535143272,0.18897173535143272,0.20222429860984489,0.18038211101727669,0.18504504994153281,0.17621000776925802,0.16222119099648966,0.1847996321034141,0.1646753693776771,0.1681112191113395,0.16688412992074575,0.16860205478757698,0.15387698450045234
0.16099410180589591,0.17154706884500193,0.16442995153955833,0.16737496559698326,0.17890960398856426,0.17841876831232675,0.19019882454202644,0.20271513428608237,0.1865175569702453,0.20418764131479483,0.19829761319994499,0.20811432672469474,0.21474060835390085,0.21326810132518836,0.21400435483954461,0.23093818566973789,0.22406648620241307,0.22308481484993811,0.21744020457320701,0.23633737810835026,0.24885368785240619,0.23461945324151909,0.22922026080290669,0.25793414786279972,0.25474371596725603,0.24762659866181252,0.28370302086526783,0.26995962193061818,0.26161541543458089,0.27315005382616181,0.25989749056774969,0.28247593167467416,0.27953091761724919,0.27486797869299306,0.28836595978952395,0.29180180952318641,0.28124884248408039,0.29940976250486745,0.30652687981031101,0.27953091761724919,0.30014601601922364,0.30284561223852985,0.31168065441080461,0.3062814619721923,0.30971731170585465,0.31266232576327962,0.30088226953357994,0.30186394088605489,0.31879777171624818,0.29401057006625503,0.29646474844744247,0.30456353710536105,0.29499224141873004,0.31364399711575458,0.30529979061971729,0.31364399711575458,0.29131097384694887,0.30358186575288609,0.30309103007664856,0.29965518034298622,0.30529979061971729,0.29572849493308628,0.2915563916850677,0.28075800680784291,0.30579062629595483,0.2780584105885367,0.28689345276081146,0.27732215707418051,0.27830382842665552,0.26726002571131202,0.27634048572170555,0.27707673923606174,0.25572538731973105,0.24762659866181252,0.25057161271923745,0.25253495542418736,0.25302579110042484,0.23977322784201269,0.23633737810835026,0.24124573487072518,0.23437403540340035,0.23265611053656915,0.22602982890736306,0.21744020457320701,0.21694936889696953,0.22234856133558187,0.21155017645835716,0.20124262725736994,0.20124262725736994,0.18676297480836404,0.19486176346628256,0.19829761319994499,0.18897173535143272,0.18406337858905786,0.18406337858905786,0.18700839264648278,0.17179248668312067,0.16442995153955833,0.17449208290242682,0.17130165100688319
0.18676297480836404,0.18160920020787041,0.20664181969598228,0.19559801698063881,0.20124262725736994,0.21375893700142587,0.20590556618162603,0.21891271160191947,0.20590556618162603,0.2297110964791442,0.21915812944003821,0.23044734999350042,0.23731904946082524,0.21817645808756322,0.25572538731973105,0.23854613865141899,0.25793414786279972,0.23584654243211278,0.25940665489151221,0.26971420409249947,0.27265921814992439,0.2643150116538871,0.2694687862543807,0.2746225608548743,0.28198509599843663,0.278794664102893,0.29744641979991748,0.28959304898011767,0.30284561223852985,0.30456353710536105,0.3021093587241736,0.29376515222813632,0.30898105819149846,0.29916434466674874,0.31413483279199206,0.3165890111731795,0.30947189386773594,0.31609817549694202,0.32051569658307943,0.32861448524099796,0.3413762128231726,0.3337682598414915,0.3114352365726859,0.33352284200337284,0.33744952741327272,0.34824791229049745,0.3472662409380225,0.33278658848901665,0.34849333012861616,0.35364710472910987,0.35806462581524717,0.35634670094841603,0.31806151820189199,0.34260330201376638,0.33548618470832281,0.32640572469792928,0.34628456958554749,0.31585275765882326,0.33278658848901665,0.3293507387553542,0.31953402523060442,0.31732526468753575,0.31953402523060442,0.32444238199297931,0.32076111442119815,0.30358186575288609,0.31241690792516091,0.31094440089644843,0.30677229764842978,0.29253806303754265,0.30603604413407354,0.31192607224892338,0.29842809115239244,0.29621933060932376,0.28173967816031786,0.28959304898011767,0.26824169706378698,0.27707673923606174,0.27511339653111178,0.26627835435883701,0.26333334030141209,0.24124573487072518,0.24198198838508142,0.24468158460438758,0.23780988513706275,0.23830072081330023,0.23461945324151909,0.22652066458360054,0.2206306364687507,0.23290152837468789,0.21547686186825704,0.20639640185786354,0.20394222347667609,0.19854303103806373,0.20639640185786354,0.20099720941925114,0.187744646160839,0.19927928455241997,0.17375582938807058,0.18332712507470161
0.19142591373262016,0.18700839264648278,0.21081392294400092,0.22087605430686943,0.20664181969598228,0.22946567864102546,0.22922026080290669,0.2370736316227065,0.23191985702221291,0.22897484296478796,0.25081703055735616,0.26186083327269966,0.24909910569052493,0.25719789434844348,0.25597080515784981,0.26480584733012452,0.28885679546576143,0.26971420409249947,0.2677508613875495,0.2832121851890303,0.28983846681823638,0.29695558412368001,0.30309103007664856,0.3003914338573424,0.30112768737169859,0.32296987496426682,0.32272445712614811,0.32616030685981051,0.3114352365726859,0.3369586917370353,0.32885990307911667,0.33131408146030417,0.33499534903208528,0.34162163066129136,0.35094750850980366,0.35143834418604114,0.35094750850980366,0.35340168689099105,0.3705809355593031,0.35438335824346606,0.35904629716772218,0.3671450858256407,0.36591799663504704,0.3705809355593031,0.38162473827464666,0.37131718907365935,0.39414104801870259,0.37499845664544057,0.38506058800830906,0.37671638151227177,0.37328053177860937,0.37745263502662796,0.37499845664544057,0.35168376202415991,0.37598012799791553,0.34898416580485364,0.35462877608158472,0.37156260691177811,0.37941597773157792,0.36051880419643467,0.35291085121475357,0.36248214690138458,0.37205344258801559,0.36420007176821584,0.34628456958554749,0.34505748039495382,0.35487419391970354,0.35634670094841603,0.33352284200337284,0.3345045133558478,0.32910532091723543,0.33499534903208528,0.31977944306872319,0.33057782794594792,0.3234607106405043,0.32321529280238559,0.28959304898011767,0.29646474844744247,0.27953091761724919,0.31094440089644843,0.2839484387033866,0.27928549977913047,0.27560423220734925,0.26824169706378698,0.26284250462517461,0.24836285217616871,0.2694687862543807,0.25179870190983117,0.24075489919448767,0.24541783811874379,0.23118360350785666,0.22333023268805685,0.21891271160191947,0.23412861756528158,0.21228642997271338,0.21449519051578211,0.21891271160191947,0.19608885265687628,0.19805219536182625,0.19068966021826395
0.21719478673508827,0.22259397917370061,0.22946567864102546,0.22087605430686943,0.23486487107963783,0.23977322784201269,0.25695247651032477,0.25965207272963092,0.25547996948161228,0.26136999759646212,0.25474371596725603,0.26726002571131202,0.27486797869299306,0.2677508613875495,0.27535881436923054,0.29106555600883016,0.29204722736130512,0.30358186575288609,0.30456353710536105,0.30431811926724234,0.31732526468753575,0.33352284200337284,0.33548618470832281,0.3413762128231726,0.34652998742366625,0.34603915174742883,0.3337682598414915,0.34235788417564761,0.35266543337663486,0.36665425014940323,0.36370923609197825,0.37794347070286544,0.37573471015979676,0.36542716095880956,0.39954024045731495,0.38849643774197146,0.39119603396127761,0.40076732964790862,0.38923269125632765,0.40862070046770849,0.41770116047810196,0.40174900100038363,0.40567568641028351,0.41328363939196455,0.42457285994542676,0.41156571452513335,0.40739361127711471,0.41132029668701464,0.38947810909444641,0.41622865344938947,0.40518485073404603,0.41181113236325206,0.41082946101077716,0.42629078481225796,0.42678162048849549,0.41082946101077716,0.41254738587760831,0.4046940150578085,0.41770116047810196,0.39782231559048364,0.38456975233207152,0.40052191180978985,0.41500156425879581,0.40567568641028351,0.39389563018058382,0.38996894477068395,0.37966139556969664,0.37941597773157792,0.34505748039495382,0.38113390259840912,0.36444548960633455,0.36321840041574083,0.35978255068207843,0.33892203444198521,0.3472662409380225,0.35585586527217855,0.33106866362218534,0.33597702038456029,0.31977944306872319,0.31094440089644843,0.31757068252565451,0.29180180952318641,0.29965518034298622,0.28198509599843663,0.30799938683902345,0.28934763114199891,0.2908201381707114,0.2694687862543807,0.26750544354943073,0.27167754679744943,0.25400746245289985,0.25547996948161228,0.24738118082369376,0.2493445235286437,0.23731904946082524,0.2422274062232001,0.22185772565934436,0.22259397917370061,0.22234856133558187,0.20075179158113243
0.23339236405092534,0.24394533109003133,0.23780988513706275,0.2422274062232001,0.26284250462517461,0.27143212895933061,0.28149426032219915,0.25351662677666237,0.28762970627516776,0.28173967816031786,0.28934763114199891,0.30824480467714221,0.31364399711575458,0.31928860739248566,0.31953402523060442,0.32517863550733561,0.33033241010782916,0.34113079498505389,0.33401367767961032,0.3403945414706977,0.36493632528257208,0.35143834418604114,0.36100963987267209,0.36493632528257208,0.39315937666622758,0.37622554583603424,0.39144145179939632,0.39536813720929631,0.38947810909444641,0.39757689775236499,0.44052501942314509,0.41082946101077716,0.41328363939196455,0.41132029668701464,0.42285493507859551,0.42825412751720793,0.43831625888007641,0.43193539508898904,0.45107798646225111,0.44690588321423247,0.4662938924256132,0.43218081292710786,0.45353216484343856,0.4687480708068007,0.46310346053006962,0.44960547943353862,0.47193850270234433,0.46703014593996944,0.44936006159541991,0.46040386431076341,0.46555763891125695,0.47242933837858181,0.46015844647264464,0.45893135728205092,0.46850265296868193,0.4628580426919508,0.4653122210731383,0.45132340430036988,0.44641504753799499,0.44837839024294496,0.45500467187215099,0.43218081292710786,0.44494254050928256,0.43512582698453278,0.42727245616473292,0.44567879402363875,0.42555453129790177,0.42629078481225796,0.40444859721968979,0.40346692586721478,0.42040075669740817,0.40518485073404603,0.39733147991424617,0.37647096367415295,0.38825101990385269,0.37009009988306563,0.37082635339742187,0.36910842853059073,0.34947500148109117,0.36420007176821584,0.35511961175782236,0.33818578092762897,0.34824791229049745,0.32493321766921679,0.30971731170585465,0.30799938683902345,0.30849022251526098,0.29990059818110493,0.29572849493308628,0.29278348087566136,0.30088226953357994,0.28542094573209909,0.25547996948161228,0.26652377219695572,0.2677508613875495,0.25449829812913732,0.26480584733012452,0.24762659866181252,0.23290152837468789,0.23290152837468789
0.25768873002468101,0.26038832624398717,0.26603293652071824,0.27560423220734925,0.29032930249447392,0.29278348087566136,0.28836595978952395,0.29597391277120499,0.30063685169546112,0.31094440089644843,0.30898105819149846,0.31266232576327962,0.33278658848901665,0.33155949929842282,0.33254117065089783,0.35217459770039738,0.35610128311029721,0.36174589338702834,0.39119603396127761,0.38432433449395281,0.38898727341820893,0.38260640962712156,0.39340479450434634,0.41377447506820203,0.41181113236325206,0.42997205238403907,0.43070830589839537,0.4390525123944326,0.43782542320383894,0.4380708410419577,0.45377758268155727,0.46212178917759461,0.45745885025333843,0.46555763891125695,0.48101896271273786,0.46433054972066329,0.49353527245679374,0.50016155408599994,0.49181734758996254,0.51120535680134338,0.5116961924775808,0.50899659625827465,0.50801492490579969,0.51684996707807451,0.53010253033648669,0.51439578869688696,0.51881330978302442,0.53182045520331778,0.49697112219045619,0.52298541303104307,0.49549861516174371,0.52126748816421176,0.51316869950629329,0.50703325355332474,0.52298541303104307,0.51979498113549938,0.52666668060282418,0.50506991084837471,0.47709227730283799,0.49648028651421872,0.4876452443419439,0.47782853081719417,0.46040386431076341,0.48641815515135017,0.4807735448746191,0.46972974215927565,0.47292017405481934,0.46261262485383209,0.46555763891125695,0.45451383619591351,0.43831625888007641,0.44199752645185758,0.41941908534493316,0.41770116047810196,0.4174557426399832,0.40493943289592726,0.41303822155384579,0.38162473827464666,0.39144145179939632,0.38137932043652789,0.38972352693256512,0.3695992642068282,0.36248214690138458,0.36051880419643467,0.3688630106924719,0.33965828795634145,0.34063995930881635,0.34088537714693518,0.32861448524099796,0.31953402523060442,0.32051569658307943,0.31118981873456714,0.27854924626477423,0.28419385654150531,0.28370302086526783,0.28836595978952395,0.26382417597764957,0.28272134951279287,0.25302579110042484,0.26087916192022464
0.26848711490190569,0.27904008194101171,0.29474682358061127,0.31732526468753575,0.30407270142912357,0.305545208457836,0.31069898305832966,0.31977944306872319,0.33033241010782916,0.33303200632713531,0.32738739605040423,0.36248214690138458,0.36984468204494686,0.35904629716772218,0.3730351139404906,0.38407891665583405,0.39242312315187133,0.40052191180978985,0.41598323561127071,0.39487730153305883,0.43414415563205777,0.43095372373651408,0.43856167671819518,0.44518795834740121,0.44960547943353862,0.45721343241521967,0.46310346053006962,0.47537435243600673,0.48936316920877515,0.50899659625827465,0.48715440866570642,0.49353527245679374,0.50384282165778105,0.51095993896322456,0.51120535680134338,0.51930414545926185,0.55292638928152982,0.54458218278549253,0.54777261468103611,0.52764835195529913,0.56593353470182317,0.55783474604390471,0.55734391036766706,0.56077976010132968,0.56617895253994199,0.56102517793944828,0.55292638928152982,0.55906183523449837,0.5543988963102422,0.56544269902558575,0.5784498444458791,0.5647064455112295,0.55464431414836102,0.5524355536052924,0.55488973198647973,0.56642437037806059,0.54949053954786742,0.53378379790826769,0.57206898065479184,0.55587140333895479,0.55930725307261708,0.53648339412757395,0.5372196476419302,0.54973595738598613,0.53991924386123635,0.51439578869688696,0.51537746004936202,0.50727867139144345,0.50973284977263089,0.50016155408599994,0.51071452112510585,0.48617273731323152,0.47341100973105682,0.45721343241521967,0.4611401178251196,0.45304132916720108,0.44101585509938257,0.43218081292710786,0.44592421186175746,0.43610749833700774,0.41721032480186448,0.40199441883850229,0.3833426631414778,0.39070519828504013,0.38456975233207152,0.37229886042613436,0.38039764908405288,0.37548929232167799,0.35364710472910987,0.33892203444198521,0.34088537714693518,0.3345045133558478,0.32027027874496067,0.31118981873456714,0.30971731170585465,0.29990059818110493,0.30677229764842978,0.27437714301675559,0.27265921814992439,0.2797763354553679
0.29474682358061127,0.31339857927763587,0.29720100196179877,0.32542405334545427,0.33033241010782916,0.34898416580485364,0.32861448524099796,0.35561044743405973,0.37180802474989688,0.35683753662465351,0.38088848476029041,0.40273067235285853,0.39217770531375257,0.38726934855137773,0.4208915923736456,0.41966450318305187,0.44027960158502638,0.45451383619591351,0.45475925403403228,0.46678472810185068,0.45328674700531979,0.47782853081719417,0.49427152597115004,0.49009942272313139,0.50850576058203723,0.5082603427439184,0.50433365733401858,0.52004039897361809,0.55268097144341111,0.54752719684291751,0.53967382602311764,0.56151601361568582,0.56225226713004195,0.57550483038845412,0.58384903688449141,0.58016776931271041,0.60765456718200961,0.60372788177210979,0.59587451095230992,0.60888165637260339,0.61526252016369065,0.61992545908794694,0.63415969369883396,0.62704257639339045,0.63342344018447772,0.61526252016369065,0.63244176883200276,0.62041629476418425,0.6314600974795278,0.633178022346359,0.62655174071715292,0.62532465152655925,0.61280834178250332,0.61698044503052196,0.60716373150577219,0.60348246393399108,0.64495807857605858,0.61624419151616572,0.62262505530725298,0.60250079258151612,0.60593664231517841,0.61084499907755341,0.59759243581914123,0.57525941255033552,0.58016776931271041,0.59096615418993503,0.5767319195790479,0.56863313092112933,0.57206898065479184,0.56004350658697333,0.52715751627906171,0.55169930009093615,0.52396708438351802,0.53304754439391144,0.48249146974145035,0.50261573246718727,0.49549861516174371,0.46752098161620692,0.4687480708068007,0.45966761079640717,0.46850265296868193,0.44003418374690761,0.41843741399245821,0.42751787400285174,0.43291706644146405,0.42359118859295181,0.41009320749642086,0.39806773342860247,0.36763592150187824,0.38358808097959657,0.37107177123554064,0.36100963987267209,0.35855546149148471,0.35143834418604114,0.33597702038456029,0.3148710863063483,0.31536192198258578,0.32640572469792928,0.29180180952318641,0.29621933060932376
0.32714197821228552,0.34358497336624133,0.34260330201376638,0.34873874796673499,0.36321840041574083,0.38211557395088408,0.38923269125632765,0.39806773342860247,0.39463188369494001,0.41622865344938947,0.39340479450434634,0.41647407128750824,0.43119914157463285,0.42211868156423932,0.455986343224626,0.45058715078601363,0.46899348864491935,0.50016155408599994,0.47022057783551313,0.50924201409639336,0.52200374167856811,0.52936627682213044,0.51415037085876825,0.5389375725087614,0.55832558172014213,0.55194471792905475,0.55464431414836102,0.58360361904637281,0.60544580663894099,0.59440200392359754,0.57869526228399781,0.61477168448745323,0.63563220072754645,0.6280242477458654,0.65158436020526478,0.64765767479536485,0.64054055748992134,0.64790309263348356,0.64373098938546502,0.64814851047160249,0.66949986238793302,0.67858032239832655,0.66262816292060833,0.68471576835129522,0.70238585269584475,0.68643369321812642,0.71023922351564472,0.72275553325970054,0.68716994673248266,0.68692452889436395,0.70704879162010081,0.71563841595425703,0.70533086675326973,0.69428706403792628,0.68250700780822648,0.6999316743146573,0.68839703592307644,0.68397951483693897,0.67637156185525793,0.66508234130179567,0.6758807261790204,0.63980430397556509,0.69011496078990764,0.65502020993892718,0.63440511153695278,0.65575646345328353,0.63538678288942774,0.61084499907755341,0.6194346234117093,0.60642747799141583,0.59808327149537865,0.57354148768350421,0.58802114013251006,0.55709849252954846,0.56765145956865437,0.55685307469142964,0.53648339412757395,0.52151290600233058,0.5372196476419302,0.50163406111471232,0.50924201409639336,0.5013886432765936,0.48175521622709405,0.47169308486422556,0.45844052160581339,0.45549550754838852,0.45917677512016963,0.45132340430036988,0.43291706644146405,0.42310035291671433,0.40837528262958966,0.39119603396127761,0.39119603396127761,0.35855546149148471,0.38825101990385269,0.35880087932960342,0.34603915174742883,0.33474993119396651,0.32591488902169174,0.33818578092762897
0.35045667283356613,0.35217459770039738,0.37229886042613436,0.36223672906326582,0.38947810909444641,0.40223983667662111,0.39978565829543367,0.42211868156423932,0.42408202426918934,0.43929793023255143,0.43438957347017654,0.46678472810185068,0.46825723513056317,0.47807394865531289,0.48813608001818143,0.52102207032609316,0.52715751627906171,0.54801803251915493,0.53820131899440526,0.53132961952708035,0.58335820120825399,0.58213111201766032,0.61968004124982812,0.62311589098349052,0.60274621041963472,0.60372788177210979,0.6314600974795278,0.63759554343249636,0.64373098938546502,0.6690090267116956,0.67097236941664562,0.69404164619980746,0.68029824726515775,0.68029824726515775,0.69134204998050131,0.70925755216316944,0.7222646975834629,0.74557939220474356,0.72398262245029421,0.73772602138494381,0.73453558948940023,0.73159057543197525,0.75367818086266225,0.75686861275820583,0.77969247170324907,0.77969247170324907,0.766439908444837,0.75490527005325592,0.76545823709236194,0.78509166414186138,0.77723829332206162,0.76177696952058083,0.7904908565804738,0.78656417117057376,0.8025163306482922,0.7684032511497868,0.78091956089384285,0.7426343781473187,0.73772602138494381,0.75294192734830589,0.73429017165128141,0.74140728895672503,0.73797143922306263,0.72005593704039439,0.69796833160970728,0.71490216243990068,0.69281455700921379,0.67465363698842684,0.6739173834740706,0.67195404076912058,0.64643058560477118,0.63268718667012147,0.62434298017408418,0.61894378773547187,0.60716373150577219,0.60323704609587225,0.59808327149537865,0.58777572229439135,0.56765145956865437,0.55930725307261708,0.57452315903597928,0.54458218278549253,0.51881330978302442,0.50556074652461225,0.51046910328698714,0.48936316920877515,0.49034484056125016,0.46433054972066329,0.47292017405481934,0.45794968592957591,0.44543337618551998,0.43856167671819518,0.42579994913602048,0.42432744210730799,0.41426531074443956,0.38530600584642777,0.38137932043652789,0.36763592150187824,0.36542716095880956,0.3472662409380225
0.37769805286474673,0.38751476638949645,0.40518485073404603,0.40862070046770849,0.41622865344938947,0.41721032480186448,0.44248836212809506,0.46972974215927565,0.46334887836818828,0.4525504934909636,0.48887233353253767,0.51316869950629329,0.51684996707807451,0.52961169466024904,0.53623797628945524,0.55047221090034237,0.55464431414836102,0.60421871744834721,0.57599566606469177,0.59931036068597243,0.61158125259190965,0.60323704609587225,0.63612303640378398,0.64422182506170245,0.64373098938546502,0.65158436020526478,0.71367507324930701,0.70238585269584475,0.71563841595425703,0.73183599327009408,0.75196025599583105,0.73895311057553759,0.77257535439780556,0.79245419928542371,0.78779126036116764,0.78435541062750513,0.7904908565804738,0.80128924145769853,0.79515379550472998,0.82337684688838553,0.84472819880471617,0.81748681877353557,0.84080151339481635,0.82583102526957286,0.83834733501362879,0.87319666802649054,0.84890030205273492,0.84497361664283488,0.85086364475768472,0.85380865881510959,0.84914571989085352,0.8351569031180851,0.86387079017797808,0.85331782313887217,0.8776141891126279,0.85110906259580354,0.85258156962451592,0.84055609555669752,0.81208762633492315,0.80497050902947975,0.83073938203194786,0.83564773879432264,0.80840635876314204,0.77306619007404298,0.79024543874235498,0.78730042468493011,0.77552036845523054,0.77208451872156791,0.75588694140573087,0.72398262245029421,0.71588383379237563,0.70287668837208228,0.70140418134336979,0.70189501701960733,0.69207830349485766,0.65232061371962102,0.65502020993892718,0.61894378773547187,0.62557006936467796,0.62041629476418425,0.59808327149537865,0.60348246393399108,0.58483070823696648,0.5732960698453855,0.53844673683252398,0.54188258656618637,0.52323083086916178,0.51439578869688696,0.53402921574638651,0.46383971404442581,0.45868593944393216,0.45991302863452588,0.43733458752760146,0.44347003348057007,0.44052501942314509,0.42997205238403907,0.41721032480186448,0.40248525451473988,0.38947810909444641,0.38358808097959657
0.39806773342860247,0.42604536697413925,0.43684375185136393,0.44101585509938257,0.45991302863452588,0.47979187352214414,0.47807394865531289,0.50286115030530609,0.52004039897361809,0.52789376979341784,0.53795590115628633,0.54949053954786742,0.5681422952448919,0.58654863310379768,0.58654863310379768,0.58753030445627263,0.60789998502012843,0.62655174071715292,0.64250390019487125,0.64520349641417751,0.66410066994932071,0.6999316743146573,0.7050854489151509,0.72422804028841292,0.72152844406910677,0.74582481004286239,0.77552036845523054,0.74656106355721874,0.79858964523839227,0.7752749506171116,0.83000312851759162,0.79171794577106747,0.82779436797452288,0.83736566366115373,0.86288911882550312,0.88325879938935892,0.90068346589578974,0.88203171019876514,0.89111217020915867,0.9036284799532146,0.92522524970766418,0.9306244421462766,0.94191366269973864,0.9343057097180576,0.94485867675716362,0.91982605726905176,0.94387700540468866,0.94804910865270742,0.96252876110171326,0.94068657350914509,0.97479965300765037,0.96841878921656299,0.95467539028191328,0.93553279890865138,0.94853994432894473,0.92767942808885162,0.92718859241261398,0.90436473346757096,0.91712646104974571,0.92547066754578289,0.9308698599843952,0.89675678048588991,0.89307551291410869,0.91123643293489576,0.85969868692995954,0.89503885561905872,0.82632186094581039,0.83785649933739137,0.81945016147848559,0.77331160791216169,0.80423425551512351,0.76079529816810576,0.78631875333245516,0.75956820897751209,0.74140728895672503,0.73502642516563765,0.68618827538000771,0.67637156185525793,0.6756353083409018,0.67367196563595177,0.64422182506170245,0.63710470775625894,0.63465052937507149,0.61207208826814707,0.59145698986617257,0.59342033257112259,0.56716062389241695,0.56961480227360428,0.52543959141223051,0.52764835195529913,0.50335198598154351,0.51562287788748074,0.47120224918798809,0.49402610813303122,0.4662938924256132,0.44690588321423247,0.4191736675068144,0.44273377996621383,0.41451072858255827,0.43316248427958287
0.43610749833700774,0.44862380808106361,0.48003729136026285,0.48960858704689392,0.47341100973105682,0.49893446489540616,0.54949053954786742,0.5389375725087614,0.56004350658697333,0.5799223514745917,0.57869526228399781,0.57869526228399781,0.61379001313497827,0.63047842612705285,0.66164649156813327,0.67342654779783295,0.69821374944782622,0.67318112995971424,0.69183288565673873,0.74042561760424996,0.74459772085226872,0.75637777708196841,0.77208451872156791,0.7904908565804738,0.81748681877353557,0.80349800200076726,0.8351569031180851,0.8623982831492657,0.86853372910223436,0.88178629236064643,0.86534329720669068,0.90902767239182702,0.94412242324280737,0.94387700540468866,0.95933832920616946,0.92203481781212038,1.0062131362868496,0.96768253570220675,0.98240760598933152,0.96596461083537566,0.99737809411457479,1.0280553238794177,1.0393445444328799,1.0275644882031802,1.0224107136026868,1.0471979152526798,1.0494066757957483,1.0206927887358554,1.0182386103546679,1.065113417435348,1.050879182824461,1.0476887509289172,1.0594688071586171,1.029773248746249,1.036399530375455,1.032718262803674,1.0587325536442609,1.0280553238794177,1.0322274271274365,1.0121031644016993,0.99909601898140599,1.0003231081719999,0.99394224438091239,0.97799008490319395,0.92154398213588307,0.9566387329868633,0.93970490215667002,0.93136069566063273,0.9274340102507328,0.89381176642846494,0.88694006696114014,0.85258156962451592,0.84767321286214103,0.85135448043392226,0.81846849012601053,0.80963344795373582,0.77871080035077411,0.7870550068468114,0.74680648139533734,0.74926065977652478,0.72962723272702523,0.6964958245809949,0.6707269515785268,0.68103450077951411,0.65256603155773973,0.65796522399635216,0.61722586286864067,0.62826966558398412,0.59391116824736001,0.57599566606469177,0.55488973198647973,0.56519728118746693,0.51365953518253071,0.51807705626866818,0.50384282165778105,0.50089780760035607,0.46703014593996944,0.45770426809145714,0.44371545131868873,0.43168997725087038
0.49525319732362505,0.48175521622709405,0.53402921574638651,0.52764835195529913,0.54752719684291751,0.57427774119786046,0.56225226713004195,0.57035105578796064,0.61059958123943459,0.61059958123943459,0.62630632287903421,0.64814851047160249,0.65109352452902736,0.7065579559438635,0.70459461323891348,0.70533086675326973,0.73134515759385643,0.77478411494087418,0.76374031222553063,0.78754584252304882,0.83491148527996639,0.82583102526957286,0.85061822691956601,0.88031378533193394,0.87319666802649054,0.90068346589578974,0.89430260210470247,0.94461325891904491,0.94510409459528244,0.99369682654279368,1.012594000077937,0.97676299571260028,1.0111214930492245,1.034436187670505,1.0668313423021791,1.0746847131219792,1.109288628296722,1.0928456331427663,1.1112519710016719,1.1046256893724657,1.098735661257616,1.1353029191373087,1.1291674731843402,1.1775147872937326,1.1438925434714649,1.1107611353254343,1.1787418764843265,1.1748151910744264,1.1922398575808573,1.18782233649472,1.1694159986358144,1.1686797451214581,1.1659801489021517,1.1632805526828456,1.1620534634922519,1.1588630315967083,1.1434017077952274,1.1389841867090902,1.1291674731843402,1.1353029191373087,1.1026623466675161,1.0749301309600978,1.0862193515135601,1.1068344499155345,1.0496520936338674,1.0435166476808986,1.0157844319734806,1.0246194741457555,1.0071948076393247,0.97038213192151301,0.9600745827205257,0.96571919299725684,0.95295746541508219,0.90461015130568956,0.89651136264777098,0.90461015130568956,0.85552658368194079,0.86877914694035308,0.8351569031180851,0.81478722255422942,0.80227091281017349,0.74975149545276232,0.75735944843444347,0.74876982410028725,0.70091334566713226,0.68839703592307644,0.67342654779783295,0.65624729912952084,0.64127681100427769,0.63440511153695278,0.60765456718200961,0.6142808488112157,0.59342033257112259,0.56666978821617942,0.54801803251915493,0.52715751627906171,0.52445792005975556,0.51292328166817458,0.4739018454072943,0.47365642756917553
0.53132961952708035,0.52494875573599309,0.54728177900479869,0.59562909311419121,0.58139485850330408,0.58998448283746008,0.5902299006755789,0.62213421963101556,0.66704568400674569,0.663855252111202,0.70778504513445706,0.72251011542158183,0.7082758808106947,0.74582481004286239,0.78435541062750513,0.77478411494087418,0.79687172037156118,0.81797765444977311,0.86190744747302817,0.84620070583342866,0.89209384156163374,0.91737187888786431,0.91369061131608309,0.9308698599843952,0.96989129624527537,0.99467849789526863,0.9905063946472501,1.0064585541249684,1.0484250044432735,1.065113417435348,1.1173874169546405,1.0916185439521724,1.1156694920878094,1.1556725997011645,1.1735881018838328,1.1703976699882892,1.2128549559828317,1.2106461954397632,1.2229170873457003,1.2398509181758939,1.2238987586981753,1.2710189836169743,1.2690556409120242,1.2666014625308366,1.2668468803689554,1.2943336782382548,1.3063591523060734,1.2820627863323177,1.2997328706768672,1.3078316593347858,1.3183846263738916,1.28942532147588,1.3159304479927043,1.2587480917110372,1.3117583447446857,1.2737185798362802,1.3004691241912234,1.2329792187085689,1.231752129517975,1.2140820451734258,1.2310158760036187,1.2297887868130251,1.2216899981551068,1.2062286743536257,1.1348120834610713,1.1934669467714509,1.1456104683382959,1.1210686845264215,1.1002081682863285,1.0827835017798977,1.0700217741977229,1.0692855206833669,1.0143119249447681,0.98265302382745012,0.98167135247497517,0.97406339949329424,0.94853994432894473,0.90927309022994574,0.90730974752499582,0.87565084640767787,0.88424047074183387,0.8469369593477849,0.81895932580224806,0.80128924145769853,0.77699287548394291,0.76128613384434329,0.74018019976613125,0.73036348624138148,0.70434919540079477,0.67048153374040798,0.6807890829413954,0.63685928991814011,0.62532465152655925,0.61550793800180936,0.60888165637260339,0.58090402282706655,0.5732960698453855,0.5524355536052924,0.55071762873846108,0.50973284977263089
0.55341722495776724,0.58409445472261023,0.60274621041963472,0.60863623853448467,0.63293260450824029,0.64741225695724625,0.65919231318694582,0.68324326132258273,0.70091334566713226,0.73846227489930005,0.73993478192801265,0.74484313869038732,0.78730042468493011,0.79245419928542371,0.82411310040274166,0.82337684688838553,0.85945326909184083,0.91099101509677705,0.92129856429776424,0.93455112755617642,0.94657660162399493,1.0084218968299183,1.0089127325061558,1.0035135400675435,1.0427803941665426,1.0908822904378161,1.1191053418214716,1.1519913321293835,1.146592139690771,1.1674526559308642,1.1900310970377888,1.222180833831344,1.2209537446407503,1.2575210025204431,1.2818173684941989,1.3095495842016169,1.3416993209951722,1.3019416312199359,1.3407176496426974,1.3863653675327838,1.3657502691308092,1.3974091702481271,1.4180242686501017,1.4342218459659388,1.4089438086397079,1.4381485313758386,1.4334855924515826,1.4477198270624696,1.422687207574358,1.4283318178510889,1.4928767092763187,1.4396210384045511,1.4354489351565325,1.4236688789268328,1.4344672638040574,1.4113979870208955,1.4140975832402016,1.3824386821228838,1.4015812734961459,1.3954458275431771,1.3259925793555729,1.355197302091703,1.3529885415486347,1.297033274457561,1.2945790960763734,1.2813265328179615,1.2535943171105435,1.2202174911263941,1.2246350122125316,1.2224262516694631,1.170643087826408,1.1645076418734392,1.1353029191373087,1.0952998115239536,1.0965269007145473,1.0658496709497043,1.0611867320254482,1.0089127325061558,1.012594000077937,0.94166824486161993,0.94903078000518226,0.93406029187993889,0.91737187888786431,0.8727058323502529,0.84325569177600368,0.81208762633492315,0.79319045279977995,0.79122711009482993,0.74926065977652478,0.72840014353643168,0.72570054731712541,0.70312210621020088,0.69600498890475737,0.64373098938546502,0.64962101750031487,0.61280834178250332,0.58630321526567897,0.59980119636220985,0.57943151579835417,0.53574714061321771
0.59636534662854745,0.62728799423150916,0.65305686723397716,0.64790309263348356,0.69551415322851995,0.70361294188643853,0.72790930786019414,0.75392359870078085,0.7495060776146435,0.79515379550472998,0.80914261227749829,0.83932900636610375,0.85454491232946583,0.88792173831361509,0.8933209307522274,0.91148185077301447,0.9600745827205257,1.0025318687150684,1.0027772865531872,1.0503883471482236,1.0766480558269289,1.0781205628556416,1.1060981964011785,1.152482167805621,1.1519913321293835,1.2128549559828317,1.2177633127452068,1.2204629089645129,1.2734731619981616,1.2997328706768672,1.3345822036897288,1.3115129269065671,1.409189226477827,1.3549518842535846,1.3790028323892216,1.4359397708327699,1.4484560805768258,1.4479652449005884,1.4921404557619624,1.4977850660386933,1.4887046060283,1.542451112576305,1.5517769904248171,1.5846629807327286,1.570919581798079,1.6136222856307407,1.5660112250357041,1.5692016569312481,1.5959522012861909,1.5954613656099537,1.5907984266856974,1.5900621731713411,1.5910438445238162,1.580736295322829,1.57852753477976,1.5726375066649103,1.5557036758347167,1.5633116288163982,1.5345977417565049,1.5279714601272989,1.5014663336104745,1.4916496200857248,1.4464927378718759,1.4555731978822695,1.4545915265297946,1.412870494049608,1.38317493563724,1.3593694053397221,1.331391771794185,1.3421901566714096,1.2992420350006297,1.252121810081831,1.2788723544367737,1.2101553597635257,1.190767350552145,1.1718701770170017,1.0999627504482097,1.1205778488501841,1.0933364688190035,1.0685492671690107,1.0238832206313992,1.0226561314408054,0.98854305194230008,0.97062754975963172,0.9222802356502392,0.90730974752499582,0.86828831126411554,0.8248493539170979,0.80055298794334229,0.81994099715472302,0.783619157113149,0.74631564571909992,0.73183599327009408,0.70950297000128837,0.70533086675326973,0.66778193752110193,0.65207519588150231,0.64643058560477118,0.6159987736780469,0.60225537474339719
0.65256603155773973,0.66311899859684564,0.67195404076912058,0.69355081052357004,0.75146942031959352,0.74852440626216854,0.75515068789137474,0.77404786142651794,0.81945016147848559,0.81331471552551704,0.85945326909184083,0.88767632047549638,0.91663562537350807,0.93455112755617642,0.97038213192151301,1.0214290422502117,1.0494066757957483,1.0538241968818858,1.0624138212160419,1.1149332385734532,1.1316216515655277,1.1846319045991762,1.2131003738209505,1.2030382424580821,1.2609568522541057,1.3129854339352796,1.3537247950629909,1.3588785696634844,1.3547064664154658,1.3944641561907023,1.4629357330258319,1.5208543428218553,1.4916496200857248,1.5431873660906612,1.5476048871767982,1.5701833282837228,1.5753371028842165,1.6281019380797463,1.6320286234896462,1.6828301159802261,1.6752221629985453,1.6732588202935952,1.6968189327529946,1.7429574863193185,1.7525287820059494,1.7562100495777304,1.769217194998024,1.7594004814732742,1.7665175987787178,1.7743709695985175,1.7836968474470298,1.7883597863712861,1.7800155798752486,1.7522833641678308,1.7287232517084314,1.7709351198648553,1.7409941436143686,1.7108077495257632,1.6990276932960635,1.6656508673119141,1.6781671770559703,1.6418453370143962,1.6263840132129153,1.632274041327765,1.5878534126282724,1.5581578542159045,1.5166822395738366,1.4835508314278063,1.43790311353772,1.4693165968169191,1.3966729167337708,1.3659956869689283,1.3772849075223901,1.2899161571521172,1.3110220912303294,1.2896707393139988,1.2214445803169878,1.2302796224892627,1.1716247591788829,1.1691705807976953,1.1090432104586032,1.0972631542289033,1.0837651731323727,1.0287915773937739,0.99492391573338734,0.97062754975963172,0.95516622595815093,0.91050017942053951,0.90043804805767103,0.88424047074183387,0.84497361664283488,0.83123021770818517,0.81675056525917933,0.78582791765621762,0.73330850029880645,0.70238585269584475,0.73870769273741876,0.69625040674287619,0.66140107373001444,0.65698355264387709
0.67907115807456409,0.70999380567752579,0.73821685706118145,0.75146942031959352,0.75122400248147481,0.80447967335324222,0.84595528799530995,0.86043494044431579,0.87368750370272785,0.9274340102507328,0.95614789731062577,0.95492080812003222,1.0071948076393247,1.0565237931011922,1.0854830979992041,1.0658496709497043,1.1173874169546405,1.1586176137585893,1.2175178949070879,1.2256166835650066,1.2695464765882618,1.2651289555021243,1.3068499879823108,1.3745853113030839,1.3976545880862461,1.4383939492139575,1.4558186157203883,1.4820783243990938,1.5166822395738366,1.5549674223203604,1.5998788866960907,1.6263840132129153,1.6627058532544894,1.6766946700272576,1.6987822754579445,1.7432029041574371,1.7655359274262428,1.8229637015460289,1.8342529220994914,1.8394066966999849,1.8374433539950348,1.8914352783811585,1.8902081891905649,1.898797813524721,1.9513172308821318,1.9790494465895501,1.9442001135766884,1.940518846004907,1.936837578433126,1.9515626487202506,1.9734048363128187,1.9412550995192634,1.9800311179420249,1.9594160195400505,1.9319292216707513,1.940764263843026,1.9113141232687767,1.9375738319474822,1.9280025362608515,1.8433333821098847,1.8502050815772095,1.8430879642717661,1.8057844528777169,1.8018577674678169,1.7650450917500056,1.7301957587371439,1.6823392803039889,1.6516620505391457,1.6548524824346895,1.5692016569312481,1.5961976191243099,1.5242901925555179,1.5073563617253245,1.4464927378718759,1.4349580994802951,1.3758124004936778,1.3424355745095284,1.3156850301545857,1.2778906830842991,1.2381329933090623,1.2420596787189624,1.200338646238776,1.1652438953877955,1.1173874169546405,1.0813109947511852,1.0557875395868357,1.0062131362868496,0.97430881733141284,0.98289844166556894,0.95148495838636971,0.88669464912302143,0.91761729672598302,0.85675367287253457,0.82681269662204782,0.81503264039234813,0.75760486627256207,0.75515068789137474,0.73060890407950019,0.70434919540079477,0.69379622836168875
0.71784717649732566,0.76815783331166809,0.77183910088344931,0.80963344795373582,0.82534018959333555,0.87589626424579659,0.8933209307522274,0.93970490215667002,0.96473752164478188,1.0057223006106122,0.98461636653240014,1.0393445444328799,1.0729667882551479,1.1117428066779096,1.1340758299467151,1.2214445803169878,1.2337154722229251,1.2803448614654864,1.299978288514986,1.3358092928803225,1.3804753394179339,1.4172880151357454,1.4420752167857387,1.4808512352084999,1.5149643147070053,1.5633116288163982,1.6271202667272715,1.6204939850980653,1.6867568013901262,1.6909289046381446,1.7314228479277376,1.8021031853059357,1.8288537296608787,1.8796552221514586,1.9174495692217453,1.9353650714044135,1.9861665638949935,1.9977012022865748,1.9935290990385557,2.0880149667142724,2.0386859812524047,2.0838428634662538,2.1488785905677208,2.1461789943484146,2.1218826283746588,2.1582044684162329,2.180046656008801,2.1594315576068266,2.2072880360399818,2.2065517825256253,2.1515781867870269,2.2036067684682008,2.1807829095231575,2.2038521863063196,2.1434793981291085,2.1218826283746588,2.1086300651162468,2.090223727257341,2.1042125440301094,2.0811432672469476,2.0379497277380483,2.0352501315187421,1.9952470239053872,1.9702144044172751,1.8870177572950211,1.8919261140573957,1.8882448464856147,1.7817335047420799,1.8141286593737542,1.7677446879693115,1.707126481953982,1.7034452143822008,1.6295744451084588,1.5647841358451104,1.5694470747693665,1.5174184930881931,1.5311618920228425,1.4887046060283,1.3966729167337708,1.3475893491100221,1.344889752890716,1.307586241496667,1.2511401387293559,1.259729763063512,1.1689251629595767,1.1326033229180028,1.1043802715343471,1.0764026379888105,1.019220281707143,1.0199565352214992,0.99835976546704974,0.95246662973884466,0.91516311834479569,0.88865799182797134,0.86215286531114699,0.82558560743145415,0.79858964523839227,0.77797454683641787,0.77821996467453658,0.73453558948940023
0.76963034034038058,0.8128238798492794,0.83392981392749144,0.86190744747302817,0.89503885561905872,0.95737498650121955,0.98633429139923134,0.99099723032348741,1.0535787790437672,1.0697763563596043,1.0854830979992041,1.115914909925928,1.1500279894244334,1.1978844678575886,1.2621839414446994,1.2737185798362802,1.3120037625828043,1.3706586258931839,1.3961820810575334,1.4506648411198946,1.499012155229287,1.5255172817461116,1.5802454596465914,1.6406182478238023,1.6492078721579586,1.7463933360529811,1.7714259555410927,1.8160920020787044,1.8386704431856287,1.8960982173054148,1.8970798886578895,2.001137052020237,1.9891115779524184,2.0141441974405305,2.0855607883330851,2.1177105251266402,2.1920721300766197,2.1847095949330573,2.2610345425879865,2.2497453220345243,2.2978472183057983,2.360428767026078,2.3133085421072788,2.3967506070676521,2.3839888794854773,2.4394533109003134,2.3967506070676521,2.423255733584476,2.4529512919968446,2.446570428205757,2.4325816114329886,2.3967506070676521,2.4163840341171516,2.4301274330518012,2.4357720433285319,2.3702454805508273,2.3773625978562709,2.3309786264518286,2.3592016778354838,2.293184279381542,2.2266760452513625,2.2966201291152042,2.2225039420033439,2.1856912662855326,2.117219689450403,2.1263001494607963,2.0673998683122981,2.0141441974405305,1.9891115779524184,1.9211308367935265,1.8816185648564085,1.8408792037286972,1.7802609977133674,1.772162209055449,1.7343678619851624,1.656324989463402,1.6251569240223216,1.5750916850460976,1.5417148590619487,1.5002392444198809,1.4533644373392007,1.3758124004936778,1.3566698091204157,1.2989966171625109,1.2891799036377609,1.2256166835650066,1.2111370311160006,1.1483100645576021,1.1144424028972157,1.0440074833571362,1.0572600466155484,1.0322274271274365,0.98952472329477503,0.95246662973884466,0.93479654539429513,0.91639020753538936,0.83073938203194786,0.83368439608937284,0.81969557931660431,0.78828209603740518
0.82607644310769157,0.85675367287253457,0.89651136264777098,0.94338616972845113,0.9890338876185375,0.96841878921656299,1.0157844319734806,1.0749301309600978,1.067322177978417,1.1330941585942402,1.1699068343120516,1.2371513219565875,1.2940882604001362,1.3002237063531046,1.3358092928803225,1.3907828886189209,1.4457564843575197,1.481096653046619,1.4874775168377061,1.5520224082629357,1.6173035532025215,1.6553433181109269,1.7029543787059633,1.7687263593217866,1.8094657204494982,1.8556042740158218,1.9076328556969957,1.9579435125113378,2.0256788358321112,2.0570923191113106,2.1189376143172343,2.1567319613875204,2.2065517825256253,2.2890121761335234,2.3339236405092532,2.3287698659087601,2.4053402314018082,2.4073035741067579,2.4885368785240622,2.4924635639339621,2.5574992910354291,2.5263312255943489,2.6058466051448215,2.6132091402883839,2.6564026797972828,2.6654831398076766,2.6809444636091575,2.7040137403923192,2.7013141441730131,2.7049954117447941,2.6873253274002442,2.7253650923086501,2.6767723603611384,2.6573843511497577,2.6919882663245009,2.6424138630245144,2.6357875813953084,2.6058466051448215,2.5420379672339486,2.5118515731453424,2.4379808038716009,2.4863281179809933,2.4311091044042761,2.4173657054696265,2.3449674432245966,2.2922026080290672,2.2379652658048248,2.2372290122904683,2.1704753603221705,2.1285089100038648,2.057337736949429,1.9967195309340995,1.9567164233207444,1.940764263843026,1.8433333821098847,1.8470146496816657,1.8057844528777169,1.7206244630505128,1.6688412992074579,1.6109226894114341,1.5782821169416412,1.5068655260490871,1.4523827659867259,1.4180242686501017,1.4182696864882205,1.3571606447966531,1.3085679128491421,1.2376421576328249,1.2099099419254069,1.1969027965051136,1.1532184213199772,1.0965269007145473,1.0906368725996975,1.0658496709497043,0.96841878921656299,0.97553590652200661,0.92375274267895158,0.88424047074183387,0.88865799182797134,0.85258156962451592
0.89479343778093989,0.90289222643885847,0.96841878921656299,0.98019884544626279,1.0285461595556553,1.0793476520462353,1.0977539899051412,1.1559180175392834,1.1861044116278889,1.2157999700402569,1.2418142608808436,1.3259925793555729,1.3664865226451655,1.4013358556580271,1.4575365405872196,1.474224953579294,1.523063103364924,1.5934980229050035,1.681112191113395,1.6897018154475512,1.7500746036247621,1.8386704431856287,1.8700839264648277,1.9594160195400505,1.9505809773677756,1.9927928455241994,2.0683815396647729,2.1775924776276137,2.2367381766142311,2.2627524674548183,2.2939205328958985,2.4308636865661573,2.4426437427958572,2.481665179056737,2.5759056288943345,2.6171358256982842,2.6726002571131202,2.7128487825645942,2.7214384068987498,2.8056167253734792,2.8294222556709974,2.8348214481096097,2.8762970627516773,2.9003480108873148,2.9209631092892887,3.0002330710016429,2.9985151461348121,2.9977788926204556,3.0448991175392544,3.0264927796803485,2.9911526109912492,3.008086441821443,2.9943430428867925,3.0289469580615358,2.9418236255293824,2.9553216066259131,2.9020659357541456,2.8947034006105827,2.8527369502922775,2.8711432881511838,2.7783753453422984,2.7445076836819124,2.7133396182408314,2.6787357030660885,2.6107549619071961,2.5521000985968167,2.4585959022735753,2.4372445503572444,2.3565020816161777,2.295393039924611,2.2993197253345108,2.1825008343899888,2.1586953040924706,2.0742715677796224,2.056601483435073,1.9348742357281761,1.8808823113420525,1.8654209875405716,1.7986673355722735,1.7625909133688178,1.7112985852020006,1.6025784829153971,1.5895713374951037,1.5530040796154108,1.5260081174223488,1.4523827659867259,1.3868562032090213,1.3782665788748654,1.3299192647654725,1.2504038852149997,1.2081920170585758,1.2177633127452068,1.1247499520982029,1.1026623466675161,1.0702671920358418,1.0187294460309055,1.0133302535922932,0.98191677031309388,0.91639020753538936,0.91344519347796449
0.95909291136805075,0.98878846978041879,1.0248648919838741,1.0631500747303981,1.1240136985838467,1.1495371537481958,1.1880677543328386,1.2121187024684756,1.2469680354813373,1.3306555182798288,1.3618235837209092,1.4160609259451518,1.4509102589580134,1.4808512352084999,1.5385244271664049,1.6222119099648966,1.6808667732752764,1.6997639468104198,1.7780522371702989,1.8266449691178099,1.9471451276341132,1.936837578433126,2.047030187748442,2.1555048721969268,2.1299814170325777,2.2232401955177004,2.3162535561647042,2.3682821378458776,2.4318453579186321,2.51823243693643,2.5827773283616597,2.6424138630245144,2.6873253274002442,2.7479435334155742,2.8068438145640728,2.8777695697803898,2.9683287520462058,3.0260019440041108,3.0824480467714221,3.0861293143432031,3.1094440089644841,3.1469929381966515,3.241233388034249,3.2623393221124615,3.2672476788748361,3.2954707302584918,3.3259025421852164,3.3521622508639215,3.3494626546446149,3.3521622508639215,3.3320379881381843,3.347744729777784,3.3254117065089788,3.2790277351045356,3.2782914815901791,3.2773098102377047,3.3180491713654163,3.2125195009743566,3.1487108630634832,3.1202423938417088,3.1442933419773458,3.0493166386253918,2.9521311747303693,2.9683287520462058,2.8591178140833651,2.775921166961111,2.7454893550343873,2.6833986419903444,2.6549301727685704,2.5155328407171238,2.453932963349319,2.4210469730414079,2.3528208140443967,2.3088910210211417,2.2171047495647316,2.163112825178608,2.0597919153306168,2.0477664412627985,1.9633427049499503,1.9088599448875891,1.8435787999480033,1.8173190912692978,1.7103169138495253,1.6577974964921143,1.6028239007535154,1.6241752526698463,1.5110376292971055,1.4725070287124629,1.3932370670001086,1.3245200723268604,1.3085679128491421,1.2715098192932117,1.2300342046511439,1.1922398575808573,1.1578813602442335,1.1097794639729595,1.0702671920358418,1.03738120172793,0.98265302382745012,0.95909291136805075
1.0253557276601115,1.0609413141873294,1.0926002153046472,1.1397204402234464,1.169661416473933,1.1937123646095698,1.2398509181758939,1.3085679128491421,1.3436626637001221,1.3863653675327838,1.447474409224351,1.5255172817461116,1.5409786055475925,1.6065051683252969,1.6850388765232949,1.7535104533584247,1.8281174761465224,1.8983069778484833,1.9189220762504577,2.0597919153306168,2.0570923191113106,2.1304722527088149,2.1940354727815699,2.2892575939716422,2.3565020816161777,2.4254644941275449,2.5341845964141489,2.5891581921527469,2.6880615809146007,2.7501522939586431,2.8092979929452602,2.87384288437049,2.9234172876704765,3.0031780850590679,3.0412178499674734,3.1847872852669381,3.2112924117837629,3.2697018572560235,3.3695869173703525,3.378421959542627,3.5256726624138732,3.5121746813173425,3.6199131122514707,3.631938586319289,3.6704691869039321,3.6935384636870938,3.7821343032479606,3.6687512620371012,3.7583287729504424,3.7158714869559004,3.7286332145380747,3.7610283691697486,3.7251973648044121,3.727651543185599,3.6503449241781953,3.6422461355202764,3.6405282106534456,3.6127959949460275,3.5632215916460415,3.4797795266856681,3.4306959590619197,3.3796490487332207,3.3040603545926479,3.2267537355852434,3.1732526468753579,3.1106710981550774,2.9597391277120506,2.9754458693516495,2.8802237481615776,2.8250047345848599,2.7670861247888365,2.6311246424710526,2.5889127743146285,2.4833831039235683,2.4527058741587258,2.3452128610627159,2.231829819851856,2.2097422144211696,2.1491240084058396,2.0531656337014108,1.9800311179420249,1.9297204611276824,1.8592855415876031,1.772898462569805,1.7287232517084314,1.6774309235416138,1.642827008366871,1.5915346802000536,1.5117738828114617,1.4678440897882066,1.3991270951149584,1.3475893491100221,1.3532339593867531,1.2550668241392557,1.2214445803169878,1.2099099419254069,1.1343212477848339,1.0565237931011922,1.0734576239313853,1.0049860470962559
1.071003445550198,1.1149332385734532,1.1919944397427387,1.2035290781343198,1.2403417538521311,1.2899161571521172,1.3453805885669536,1.3979000059243647,1.4644082400545444,1.5120193006495808,1.5488319763673921,1.6001243045342095,1.7115440030401192,1.7441845755099123,1.8303262366895914,1.8862815037806648,1.9365921605950074,1.9935290990385557,2.1128021683642655,2.1663032570741518,2.2514632469013556,2.3128177064310416,2.3641100345978594,2.4833831039235683,2.556763037521073,2.6394688489670899,2.721192989060631,2.8470923400155468,2.9148276633363199,3.0056322634402557,3.0485803851110358,3.2211091253085122,3.234607106405043,3.398055386592127,3.4429668509678573,3.4532744001688433,3.5757379013900974,3.6505903420163142,3.739922435091537,3.7831159746004359,3.838580406015272,3.9411650623489063,4.0246071273092792,4.0351600943483854,4.0822803192671842,4.0638739814082783,4.0974962252305458,4.1880554074963632,4.1519789852929074,4.1581144312458758,4.224131829699818,4.2189780550993241,4.1811837080290379,4.1824107972196325,4.1333272295958832,4.0366326013770975,4.0366326013770975,3.9885307051058239,3.8876639736390204,3.8442250162920031,3.7978410448875604,3.7323144821098557,3.6427369711965141,3.5794191689618784,3.5023579677925931,3.4410035082629067,3.3521622508639215,3.2498230123684051,3.2108015761075248,3.0824480467714221,2.9749550336754123,2.9177726773937454,2.8078254859165481,2.7462256085487433,2.622535018136896,2.5793414786279976,2.4463250103676386,2.3587108421592466,2.2823858945043169,2.2335477447186878,2.1424977267766332,2.0919416521241723,2.0175800471741927,1.940764263843026,1.8862815037806648,1.7836968474470298,1.7206244630505128,1.6975551862673508,1.6256477596985588,1.549813647719867,1.4977850660386933,1.4825691600753312,1.4099254799921832,1.3583877339872468,1.2778906830842991,1.2715098192932117,1.2302796224892627,1.1605809564635394,1.1085523747823658,1.0719851169026728
1.132357905079884,1.1551817640249271,1.2383784111471812,1.2447592749382685,1.3142125231258732,1.3669773583214029,1.4754520427698876,1.5007300800961183,1.5611028682733294,1.5770550277510476,1.6546070645965705,1.7093352424970507,1.7861510258282174,1.8531500956346345,1.9748773433415314,2.0234700752890427,2.0897328915811033,2.1653215857216765,2.248518232843931,2.3258248518513351,2.4237465692607136,2.5246133007275176,2.5741877040275036,2.6954241160581627,2.7943275048200173,2.8659895135506899,2.9683287520462058,3.1158248727555713,3.1190153046511151,3.2883536129530482,3.3906928514485641,3.4785524374950745,3.5833458543717782,3.6680150085227448,3.7860609886578604,3.9276670812523755,3.9671793531894939,4.0594564603221412,4.1281734549953892,4.2420473318824863,4.3343244390151341,4.3544487017408713,4.4489345694165872,4.4523704191502498,4.5223145030140923,4.5883319014680337,4.7260113086526498,4.6553309712744513,4.7130041632323554,4.6526313750551447,4.733373843796211,4.7044145388981997,4.7098137313368129,4.6121374317655519,4.583423544705659,4.5414570943873542,4.5112707002987475,4.4312644850720382,4.3851259315057147,4.2808233503052477,4.222659322671106,4.1581144312458758,4.0609289673508533,3.9919665548394869,3.8817739455241704,3.7912147632583544,3.6977105669351129,3.539170643510404,3.4829699585812119,3.3892203444198521,3.2444238199297932,3.168098872274864,3.1477291917110075,2.984771747200162,2.8929854757437519,2.7869649696764545,2.6549301727685704,2.553081769949292,2.5314850001948419,2.433317864947345,2.3346598940236096,2.2293756414706682,2.1584498862543517,2.0610190045212105,2.0570923191113106,1.9284933719370889,1.8455421426529532,1.7792793263608926,1.7265144911653625,1.6727679846173575,1.6094501823827216,1.5488319763673921,1.4965579768480999,1.4415843811095013,1.3760578183317964,1.3547064664154658,1.2813265328179615,1.2297887868130251,1.204019913810557,1.0916185439521724
1.1978844678575886,1.2459863641288622,1.299978288514986,1.3370363820709166,1.3939733205144647,1.4722616108743438,1.4985213195530496,1.5841721450564912,1.68013051976092,1.7027089608678445,1.7841876831232675,1.8185461804598915,1.9164678978692702,1.9537714092633194,2.0899783094192221,2.1255638959464398,2.2681516598934301,2.3150264669741105,2.4001864568013143,2.5253495542418736,2.6149270651552157,2.7003324728205382,2.8424294010912909,2.8964213254774145,3.0655142159412283,3.1020814738209221,3.2589034723787988,3.309214129193141,3.4400218369104323,3.6083784738598905,3.7202890080420374,3.7826251389241983,3.9198137104325759,4.0832619906196594,4.1019137463166837,4.3890526169156132,4.3186176973755339,4.459978372131931,4.629316680433865,4.641096736663564,4.7554614492268987,4.829577636338759,4.9434515132258561,5.016586028985242,5.0386736344159289,5.2244549378718173,5.1586829572559951,5.2013856610886569,5.259058853046561,5.2367258297777548,5.2921902611925917,5.236234994101518,5.2136565529945944,5.186660590801532,5.1869060086396503,5.1483754080550073,5.005542226269899,4.9417335883590257,4.9005033915550769,4.8138708946991589,4.6791365015719695,4.5998665398596152,4.4958093764972675,4.3753092179809645,4.2526002989215925,4.088906600896391,4.047430986254323,3.9374837947771253,3.8196832324801289,3.7234794399375808,3.6029792814212778,3.4972041931920992,3.3926561941535147,3.2503138480446432,3.1160702905936901,3.0355732396907418,2.9270985552422575,2.7825474485903174,2.6846257311809385,2.603637844601753,2.5150420050408862,2.4102485881641829,2.3280336123944037,2.2156322425360191,2.1611494824736579,2.0673998683122981,2.0175800471741927,1.9179404048979827,1.8745014475509649,1.7758434766272302,1.7331407727945687,1.632519459165884,1.5797546239703537,1.5240447747173989,1.4386393670520763,1.3954458275431771,1.3080770771729042,1.3107766733922106,1.2474588711575747,1.1978844678575886
1.2619385236065808,1.3193662977263667,1.3294284290892351,1.4450202308431637,1.5026934228010682,1.5446598731193735,1.6298198629465777,1.7036906322203198,1.7346132798232812,1.796949410705442,1.8921715318955148,1.9390463389761947,2.0546381407301229,2.1488785905677208,2.2232401955177004,2.3484032929582597,2.4718484655319877,2.5157782585552426,2.638487177614615,2.7472072799012182,2.8274589129660468,2.9334794190333442,3.0262473618422296,3.1165611262699273,3.2596397258931553,3.3330196594906591,3.4758528412757683,3.634147346862358,3.7580833551123241,3.9139236823177264,4.040068451110761,4.158359849083995,4.3195993687280101,4.4391178558918378,4.5350762305962666,4.7260113086526498,4.8403760212159836,4.9385431564634814,5.0703325355332467,5.2227370130049868,5.3437280071975284,5.4014011991554325,5.5466885593217281,5.6033800799271587,5.6284126994152714,5.7253527454721738,5.7962785006884916,5.8664680023904516,5.8824201618681711,5.8755484624008449,5.9022990067557881,5.8566512888657014,5.8922368753929195,5.7297702665583117,5.7675646136285978,5.6706245675716938,5.6490277978172445,5.4713452830192741,5.3051974066128853,5.3240945801480271,5.1994223183837054,5.1471483188644136,4.961857851084762,4.7927649606209481,4.7723952800570926,4.6170457885279275,4.4440262126542125,4.3129730870988032,4.2049892383265561,4.0545481035597657,3.8763747530855581,3.8179653076132976,3.6905934496296693,3.4957316861633867,3.3941287011822272,3.2699472750941423,3.1634359333506077,3.049071220787273,2.9356881795764131,2.8115067534883291,2.6549301727685704,2.6252346143562026,2.5435104742626606,2.3940510108483455,2.3010376502013421,2.2475365614914553,2.1093663186306033,2.0627369293880418,1.9599068552162879,1.8826002362088836,1.8509413350915658,1.728232416032194,1.6604970927114204,1.5930071872287661,1.5264989530985866,1.4590090476159321,1.4214601183837641,1.3782665788748654,1.2980149458100358,1.2553122419773746
1.3257471615174541,1.3878378745614963,1.4101708978303018,1.4823237422372124,1.5441690374431358,1.5964430369624283,1.6995185289723007,1.8023486031440545,1.8192824339742477,1.9449363670910444,1.9989282914771682,2.0477664412627985,2.1280180743276276,2.2438552939196748,2.3864430578666647,2.4666946909314937,2.5972569808106654,2.6495309803299576,2.781074941561605,2.8782604054566274,3.0615875305313285,3.1180336332986398,3.2557130404832555,3.410571696336183,3.549232774873273,3.707036444783625,3.7914601810964732,3.946564254787519,4.1470706285305328,4.2319852005196186,4.4221840250616449,4.5009631510977615,4.715703759451662,4.8646723871897395,5.0433365733401851,5.2269091162530055,5.3798044294009832,5.5236192825385668,5.6382294129400199,5.7523487076652353,5.8851197580874768,6.0679560474859402,6.1128675118616709,6.3109197072234977,6.2822058201636031,6.4223394057294065,6.5060268885278978,6.6068936199947021,6.5852968502402529,6.6154832443288578,6.6427246243600386,6.5622275734570898,6.5023456209561177,6.5131440058333414,6.514371095023936,6.3798821197348641,6.2581548720279674,6.1842841027542255,6.073846075600791,5.8831564153825262,5.8738305375340145,5.6905034124593117,5.5464431414836097,5.3665518661425713,5.2416341865401304,5.0904567982589839,4.8860237391060704,4.7419634681303675,4.6168003706898082,4.4072135369364016,4.2557907308171368,4.0437497186825411,3.9293850061192073,3.8540417298167524,3.6820038252955136,3.5072663245549678,3.4370768228530073,3.3043057724307663,3.1401212387293271,2.9791271369234309,2.8760516449135589,2.7351818058333999,2.6846257311809385,2.5444921456151359,2.4082852454592327,2.4033768886968581,2.2337931625568062,2.1891271160191947,2.0845791169806098,1.9871482352474685,1.9338925643757012,1.8641938983499777,1.7618546598544618,1.6548524824346895,1.6293290272703402,1.5895713374951037,1.5046567655060183,1.4801149816941437,1.3895557994283272,1.3419447388332912
1.3785119967129837,1.4565548692347445,1.5041659298297807,1.5493228120436295,1.6312923699752899,1.6931376651812136,1.8479963210341408,1.8848089967519523,2.001137052020237,2.0087450050019178,2.1248276424320838,2.204833857658794,2.2929388615434236,2.4252190762894266,2.5093973947641555,2.5894036099908653,2.7111308576977624,2.8247593167467411,2.9938522072105558,3.1040448165258714,3.241233388034249,3.3627152179030273,3.4682448882940875,3.6724325296088822,3.8012768946212225,3.9163778606989137,4.0776173803429279,4.2059709096790323,4.4575241937507437,4.6941069896972127,4.7640510735610544,4.9981796911263361,5.2674030595425982,5.351581378017328,5.5763841177340963,5.7768904914771104,5.9803418792775487,5.9928581890216037,6.2625723931141035,6.4616062598284056,6.5983039956605465,6.7440821915030797,6.8778349132777947,7.0469278037416094,7.0815317189163522,7.1698821406390998,7.2427712385603664,7.3242499608157905,7.3991024014420068,7.4135820538910124,7.3259678856826209,7.366707246810333,7.4042561760425007,7.2616684120955108,7.2346724499024484,7.1014105638039711,6.9428706403792617,6.8866699554500697,6.6309445681303396,6.54455748911254,6.4277385981680188,6.2026904406131314,6.1332371924255265,5.9629172127711181,5.7309973557489062,5.5192017614524298,5.3896211429257317,5.2212645059762748,5.0254210711575169,4.832522650396184,4.5895589906586274,4.4371545131868881,4.2675707870468358,4.1374993328439018,3.9661976818370186,3.8061852513835976,3.6454365674158202,3.5575769813693099,3.37400443845649,3.1889593885149567,3.0750855116278593,2.9413327898531443,2.8259864059373347,2.7197204820319185,2.6296521354423401,2.4819105968948563,2.4038677243730957,2.2860671620760984,2.204097604144438,2.1108388256593154,2.0458030985578484,1.9508263952058944,1.8933986210861082,1.7807518333896049,1.7601367349876305,1.6273656845653903,1.5738645958555038,1.5522678261010545,1.4538552730154384,1.4244051324411888
1.4455110665194011,1.5134918076782931,1.5819633845134224,1.6607425105495395,1.725287401974769,1.7854147723138611,1.9012519919059081,1.9127866302974892,2.0531656337014108,2.1307176705469337,2.2261852095751249,2.344231189710241,2.4635042590359499,2.5165145120695986,2.6846257311809385,2.7989904437442727,2.9320069120046321,3.0316465542808424,3.146256684682295,3.3551072649213465,3.4677540526178499,3.5990525960113779,3.7617646226841051,3.95613555047415,4.0709910987137228,4.2899038103156419,4.3421778098349337,4.6128736852799088,4.831050143367472,5.0114322543847489,5.1984406470312319,5.421034626204932,5.6343027275301196,5.8480616645315466,6.0257441793295161,6.2981579796413216,6.5465208318174906,6.69917072712735,7.0204226772247855,7.1104910238143644,7.3436379700271699,7.5205842313107851,7.6732341266206427,7.8580337587240576,7.9250328285304743,8.083818169793302,8.2030912391190114,8.3162288624917515,8.2850607970506722,8.3147563554630395,8.3854366928412389,8.205054581823962,8.2357318115888045,8.1753590234115929,8.1198945919967578,7.960372997219574,7.8963189414705823,7.7156914126151861,7.5043866539949482,7.3507550873326144,7.1850980466024623,6.9384531192931247,6.7001523984798244,6.5492204280367972,6.2674807498764791,6.0794906858775217,5.874075955372132,5.6593353470182315,5.4318330110821567,5.2551321676366607,5.0141318506040546,4.8305593076912343,4.6050203144601092,4.4685679964660876,4.2820504394958423,4.0535664322072913,3.9117149217746574,3.8015223124593414,3.6113234879173151,3.4410035082629067,3.3232029459659098,3.1690805436273384,3.0233023477848051,2.8765424805897961,2.8326126875665407,2.6404505203195643,2.5911215348576975,2.4259553298037826,2.3447220253864782,2.2514632469013556,2.1348897737949524,2.0762349104845725,1.9495993060153007,1.8720472691697778,1.7866418615044548,1.7505654393009995,1.6305561164609339,1.6268748488891525,1.5053930190203746,1.460726972482763
1.5223268498505678,1.5895713374951037,1.6231935813173715,1.7432029041574371,1.7726530447316866,1.87940980431334,1.9437092779004508,2.0269059250227048,2.1650761678835577,2.3113451994023291,2.3434949361958846,2.4220286443938828,2.5744331218656225,2.7391084912432997,2.7808295237234857,2.9077105460308768,3.0915285067818159,3.1626996798362517,3.3259025421852164,3.4967133575158615,3.6270302295569148,3.881037692009814,4.0069370429647302,4.1372539150057834,4.4212023537091696,4.5861231409249648,4.7991458244120349,4.9581765835129818,5.2156198956995432,5.4615285694945248,5.6291489529296266,5.8591054672468887,6.1207208826814696,6.4262660911393068,6.6981890557748747,6.8984500116797696,7.1443586854747503,7.3527184300375641,7.7485774029230976,7.9061356549953308,8.0791552308690449,8.3346352003506574,8.5479033016758468,8.7255858164738171,8.9337001431985108,9.1381332023514243,9.2203481781212062,9.2286923846172417,9.3334858014939446,9.4186457913211488,9.4525134529815347,9.2502891543716927,9.27998471278406,9.2387545159801103,9.0664711936207532,8.8698915052876384,8.7155236851109485,8.5412770200466408,8.2624823559437477,8.1292204698452704,7.955955476133437,7.701457178004298,7.4334608987786313,7.1617833519811827,6.9119479927763008,6.596340652955595,6.3958342792125817,6.22821389577748,5.8291644909964031,5.6693974783811001,5.5295093106534168,5.264212627647054,5.0256664889956362,4.8320318147199472,4.5466108689878482,4.3345698568532534,4.1178659057944023,3.9902486299726556,3.8294999460048782,3.7404132707677746,3.5109475921267483,3.3587885324931275,3.2137465901649498,3.0517708170065792,2.9715191839417505,2.8031625469922918,2.7263467636611249,2.5651072440171108,2.4365082968428884,2.3324511334805416,2.2426282047290806,2.1925629657528574,2.0281330142132989,1.9883753244380622,1.8445604713004784,1.7871326971806927,1.7436937398336747,1.6315377878134087,1.6020876472391594,1.5112830471352245
1.5694470747693665,1.6641783602832019,1.6874930549044824,1.8190370161361291,1.888981099999971,1.9621156157593569,2.0460485163959672,2.1469152478627707,2.2531811717681869,2.36779130216964,2.4603138271404066,2.5756602110562161,2.689779505781432,2.8225505562036726,2.960720799064525,3.1273595111471524,3.1879777171624819,3.402472907678264,3.5752470657138598,3.7499845664544056,3.9222678888137632,4.0513576716642223,4.3249985611666215,4.4616962969987615,4.655085553436332,4.9051663304793323,5.1950047972975684,5.3645885234376207,5.6163872253474523,5.8836472510587647,6.1702952859814566,6.3985338754318883,6.6709476757436947,6.9477789971416373,7.266822186696003,7.4751819312588168,7.8656417117057389,8.2575739991813712,8.4278939788357796,8.7059523894243185,8.9322276361697988,9.2888197549563341,9.5072416308820156,9.716092211121067,9.8682512707546888,10.071702658555127,10.197602009510042,10.331845566960997,10.457254082239674,10.408906768130281,10.400807979472363,10.391972937300087,10.29380580205259,10.246685577133791,10.026054940665039,9.9256790448744745,9.779655431193822,9.4291987583602559,9.2974093792904906,8.9683040583732563,8.6998169434713493,8.3940263171753937,8.2426035110561298,7.9336224528646309,7.6423114790176827,7.3858498381835949,6.9985804896322161,6.6792918822397311,6.4238119127581195,6.1059958123943465,5.8674496737429269,5.5322089068727234,5.4490122597504698,5.0661604322852289,4.9719199824476306,4.701714942678894,4.4300373958814445,4.3210718757567221,4.1208109198518272,3.8866823022865455,3.6955018063920444,3.4972041931920992,3.3985462222683642,3.2162007685461376,3.1015906381446841,3.0014601601922366,2.8264772416135724,2.7067133366116258,2.5648618261789911,2.412948184383489,2.3469307859295472,2.2536720074444241,2.1427431446147525,2.0708357180459602,1.9709506579316314,1.8838273253994773,1.7824697582564364,1.6992731111341821,1.6683504635312203,1.567974567740654
1.6339919661945963,1.7216061344029878,1.7751072231128739,1.8602672129400779,1.9640789584643068,2.0713265537221979,2.1572227970637581,2.21735016740285,2.3341690583473724,2.4379808038716009,2.5454738169676108,2.683153224152226,2.8711432881511838,2.9361790152526508,3.0954551921917157,3.2547313691307806,3.4051725038975706,3.6064151311549399,3.7598012799791549,3.929139588281088,4.0508668359879847,4.3289252465765218,4.4697950856566804,4.6509134501883134,5.0001430338312867,5.2291178767960744,5.423979640262357,5.7300156843964301,6.0254987614913977,6.2667444963621231,6.6218641081199454,7.0371110902168592,7.3107519797192593,7.570649470287008,7.884293467402764,8.2055454175001987,8.6080306720149391,8.9238834296737632,9.3077169284914767,9.65694651213445,9.9035914394437867,10.323010524788721,10.589043461309439,10.75887260528761,11.00306335421576,11.262224591269153,11.36456382976467,11.533411302390364,11.639677226295783,11.751833178316046,11.652438953877956,11.60090120787302,11.469111828803253,11.4055486087305,11.294374328062707,11.013125485578627,10.764271797726222,10.662423394906943,10.27785364257487,9.889111786994782,9.5879840996230836,9.2313919808365483,8.9597144340390997,8.5839797238793025,8.2241971731972239,7.9296957674547306,7.5991179395087824,7.2349178677405677,6.9060579646614499,6.6257907935298448,6.2741070315056851,6.0321250431206037,5.7825351017538411,5.4291334148628509,5.2099752854228125,4.9797733532674302,4.7579156276080861,4.516179057061124,4.3068376411458358,4.1046133425359903,3.9068065650122827,3.7195527545276814,3.5627307559698038,3.448611461244588,3.2481050875015742,3.0728767510847912,2.92268103415612,2.7896645658957606,2.7184933928413249,2.5906306991814594,2.4131936022216078,2.3169898096790602,2.2571078571780867,2.1363622808236649,2.0661727791217039,1.984694056866281,1.835234593451966,1.7579279744445619,1.7058993927633881,1.6477353651292459
1.6958372614005197,1.7331407727945687,1.8273812226321662,1.8990432313628394,2.0600373331687356,2.1275272386513904,2.1645853322073201,2.2740416880082801,2.4507425314537756,2.534920849928505,2.6632743792646076,2.7670861247888365,2.9224356163180008,3.0559429202545978,3.2400062988436558,3.3764586168376773,3.5953713284395965,3.7116993837078813,3.9622709964271188,4.0658373241132288,4.3539578660646336,4.4950731229829106,4.8229513547095539,5.004069719241186,5.2251911913861742,5.5277913857865855,5.7648650174092921,6.0959336810314779,6.3425786083408147,6.7872757310119782,7.0918392681173392,7.4391055090553628,7.8003605667661535,8.2237063375209871,8.6433708407040388,8.9795932789267177,9.4279716691696631,9.7906992339091659,10.268036929050121,10.513945602845103,10.877900256775201,11.350329595153783,11.536847152124027,11.867179562231856,12.141802123086732,12.439248542886649,12.766881356775173,12.746266258373197,12.866766416889499,12.912414134779587,12.885172754748409,12.815474088722681,12.679512606404899,12.697918944263803,12.389919557424783,12.252485568078283,11.863252876821958,11.576359424061144,11.272532140470142,10.851149712420259,10.502165546615403,10.152199709458076,9.6812428781082058,9.4218362232166939,8.9037591669480243,8.5233615178639717,8.170941502325455,7.8037964164998153,7.4258529457969509,7.0746600194490279,6.7914478342599969,6.4022151430036693,6.1059958123943465,5.7822896839157218,5.4679094332856115,5.2610221957515115,5.0592887328179028,4.7500622567882864,4.586368558763084,4.2994751060022729,4.0660827419513472,3.9502455223593005,3.737713674548468,3.6002796852019716,3.4621094423411187,3.2402517166817741,3.0728767510847912,2.9317614941665133,2.7955545940106106,2.6262162857086775,2.5179870190983111,2.3913514146290393,2.3010376502013421,2.2072880360399818,2.1140292575548587,2.0227338217746866,1.8850544145900712,1.8391612788618661,1.7809972512277237,1.6685958813693391
1.7328953549564499,1.803821110172767,1.9083691092113519,1.9883753244380622,2.057337736949429,2.1783287311419701,2.3017739037156981,2.3945418465245831,2.5474371596725605,2.6220441824606588,2.768558631817549,2.9067288746784015,3.0583970986357851,3.1958310879822815,3.3423455373391717,3.5087388315836803,3.6837217501623445,3.8898727341820889,4.0798261408859968,4.2467102708067426,4.5088165219175611,4.7559522849031364,5.0264027425099922,5.2693664022475479,5.5876733382875585,5.8352999369493714,6.1320101032349328,6.4935105787838427,6.7612614401713911,7.0918392681173392,7.5080679215667292,7.8727588290111825,8.3267818295308587,8.7312304267505478,9.1820629953746806,9.5457722314666587,10.057468423944238,10.695800220891092,10.989565373119227,11.46592139690771,11.87233333683235,12.26671980268917,12.74160331944894,13.022361326256783,13.417484045627962,13.639096353449188,13.829540595829332,13.920099778095146,14.195949428140617,14.101954396141139,14.232762103858429,14.233007521696548,14.078885119357976,13.862426586137243,13.6562756021175,13.452824214317062,13.081261607405283,12.729577845381122,12.252730985916402,11.717474680979423,11.433526242276034,11.070798677536533,10.534560701247077,10.109987841301651,9.6417306061710875,9.2284469667791225,8.7790869051837035,8.21315337048188,7.8835572138884071,7.4948153583083172,7.1431315962841566,6.7929203412887098,6.4387824008833627,6.1882107881641248,5.8151756742236334,5.4850886819539237,5.3277758477198089,4.965539118656543,4.8526469131219212,4.5345853949200299,4.2945667492398973,4.1033862533453966,3.8358808097959654,3.6613887268935388,3.4996583715732865,3.2986611621540356,3.1695713793035765,3.0456353710536108,2.8802237481615776,2.7611960966739866,2.6132091402883839,2.5366387747953358,2.4122119308691325,2.244346129595912,2.19010878737167,2.0477664412627985,1.9233395973365952,1.8995340670390772,1.8349891756138477,1.715470688450019
1.7706897020267365,1.8637030626737403,1.9478813811484694,2.0453122628816107,2.1267909851370339,2.2546536787968994,2.3079093496686669,2.5047344558398992,2.6056011873067031,2.7324822096140933,2.8186238707937723,3.0102952023645115,3.1384033138624963,3.2903169556579988,3.5045667283356616,3.6945201350395696,3.8918360768870395,4.0300063197478915,4.2506369562166428,4.4680771607898491,4.7208575340521559,4.9164555510327945,5.2197919989475619,5.5290184749771782,5.8230290450434339,6.0667289582953465,6.514371095023936,6.7781952710015849,7.1944239244509749,7.5480710291800843,7.9490837766661109,8.4757504572689371,8.8684189982589263,9.3675988809924515,9.7946259193190652,10.372094092412468,10.865874782707381,11.296828506443896,11.724591798284866,12.38599287201488,12.740867065934586,13.325452356333432,13.691370352968478,14.169198883785672,14.550332786384084,14.783725150435009,15.042640969650284,15.276524169377446,15.485374749616497,15.478257632311054,15.488074345835802,15.42573821495364,15.261799099090322,14.946437177107736,14.763110052033033,14.578801255605859,14.083057222605994,13.710267526503623,13.312690628751257,12.918794998570673,12.281935708652533,11.787173347005146,11.276949661556277,10.767216811783646,10.317120496673871,9.824812313407671,9.3288228625696892,8.8325879938935898,8.4543991053526053,8.0030757010522358,7.5905283151746268,7.1421499249316813,6.7968470266986092,6.4233210770818827,6.0306525360918917,5.8132123315186846,5.4468034992073999,5.0919293052876968,4.9213639077951692,4.6830631869818689,4.4808388883720243,4.2405748248537742,4.0574931176171916,3.8677851287514025,3.6640883231128449,3.4554831607119123,3.3347375843574913,3.1764430787709013,2.980354226114025,2.8483194292061409,2.718247975003206,2.6210625111081836,2.4819105968948563,2.3454582789008347,2.2306027306612624,2.1424977267766332,2.0354955493568614,1.9159770621930328,1.8656664053786902,1.7920410539430673
1.82468162641286,1.864930151864334,1.9957378595816246,2.093904994829122,2.1363622808236649,2.2983380539820359,2.4075489919448767,2.5803231499804724,2.6676919003507451,2.7545698150447802,2.9538490995972002,3.0689500656748914,3.2377975383005868,3.4329047196049882,3.5563498921787162,3.7423766134727239,3.996874911601862,4.1387264220344955,4.4108948045081826,4.6170457885279275,4.884305814239239,5.1483754080550073,5.3842219504871203,5.7140635249187115,5.9732247619721051,6.3315348056254717,6.7249396001298178,7.0778504513445712,7.5753124092112651,7.9819697669740233,8.2772074262308717,8.7952844824995395,9.3329949658177078,9.903836857281906,10.41160636434959,10.9132404254643,11.440152523905242,12.006331476445183,12.516309744055935,13.12666390745725,13.692106606482836,14.209447409237146,14.788633507197382,15.147434386526985,15.530286213992225,15.827487215954026,16.063333758386136,16.397347436065747,16.642519856346372,16.635402739040931,16.604970927114206,16.581410814654806,16.359553088995462,16.170581353644028,15.922463919305979,15.568571396738749,15.098350818903237,14.766545901766696,14.190304817863886,13.63860551777295,13.156604883707736,12.630674456619268,12.046580001896659,11.448005894725041,10.987111194738041,10.345588965895644,9.8245668955695518,9.3256324306741476,8.873327355021301,8.4779592178120051,7.9709259642586803,7.4896615837078233,7.1676733800960326,6.7283754498634796,6.3278535380536898,6.0073378414706102,5.7005655438221803,5.3736689834480149,5.1211340280238256,4.8175521622709407,4.5451383619591352,4.3846350958294762,4.1765207691047816,3.9715968742756309,3.771335918370736,3.5791737511237596,3.3636968892555026,3.2319075101857373,3.0772942721709282,2.8991209216967206,2.7881920588670481,2.6318608959854086,2.4772476579706,2.4041131422112141,2.2760050307132298,2.142006891100396,2.1115750791736714,2.0372134742236923,1.9545076627776756,1.7498291857866433
1.8587947059113656,1.9081236913732329,2.0210158969078549,2.1471606657008895,2.2092513787449315,2.3577291708067718,2.4345449541379387,2.5854769245809663,2.71751172148885,2.8598540675977215,2.9850171650382813,3.1707984684941697,3.3050420259451223,3.4908233294010116,3.6699783512276953,3.8211557395088414,4.0891520187345094,4.2587357448745609,4.4351911704819376,4.7292017405481923,5.0762225636480967,5.2089936140703372,5.5434981274261848,5.8718671948290648,6.1494347697413634,6.5524108599323414,6.9394347906456,7.3826594062880497,7.8452720311418824,8.2369589007793991,8.6526967185525496,9.3302953695984012,9.8353652804467746,10.275644882031804,10.907104979511331,11.597710775977475,12.081183917071399,12.572019593308889,13.355393332583919,13.911755571599111,14.411180872170753,15.040432209107212,15.596303612446169,16.148493748213344,16.507049209704828,16.831491591697805,17.250910677042743,17.443809097804074,17.52087029897336,17.512526092477323,17.580506833636214,17.591059800675318,17.442336590775358,17.126974668792773,16.853824614966612,16.498459585370671,16.113644415200483,15.510407369104609,14.953554294413179,14.475971181434105,13.886968369949118,13.258698704365132,12.737185798362805,12.045598330544182,11.493899030453246,10.89139823787173,10.29773248746249,9.7845637879561966,9.1788725634791373,8.7673068489540036,8.2504568818759303,7.8285836181498087,7.4270800349875428,7.0054521890995423,6.6601492908664692,6.1828115957255125,5.8532154391320397,5.6149147183187393,5.2551321676366607,4.9984251089644545,4.7115316562036433,4.5205965781472601,4.2609445054176298,4.0258342164998737,3.8545325654929905,3.6984468204494689,3.4491022969208256,3.3509351616733274,3.1720255576847638,2.9347065082239383,2.8681982740937588,2.740826416110131,2.5813048213329468,2.4367537146810077,2.371963405417659,2.2151414068597814,2.1368531164999021,2.0102175120306303,1.9478813811484694,1.8529046777965157
1.8875085929712585,1.9672693903598502,2.0750078212939789,2.177101641951376,2.2320752376899748,2.3822709546186465,2.5174961834220744,2.6308792246329333,2.7305188669091436,2.9101647244120641,3.075330929465979,3.1877322993243631,3.3364555092243222,3.51070217428863,3.6613887268935388,3.9232495601662385,4.1387264220344955,4.382426335286409,4.5632992819799219,4.8484748098739026,5.1086177182797705,5.3869215467064269,5.7346786233206863,6.0348246393399112,6.3455236223982396,6.7534080693515923,7.2123394266336431,7.6189967843964013,8.0573130432764781,8.5211527573209036,8.9891645746133477,9.4564401383914376,10.1551447235155,10.720832840379204,11.285784703728551,11.914299787150656,12.400227106625767,13.209124301065149,13.849664858555069,14.534626044744485,15.186210404949747,15.665511442795655,16.375505248473178,16.827074070611669,17.224896386202154,17.771196493854479,17.820525479316345,18.157729588891499,18.422535436221622,18.514812543354267,18.505241247667637,18.43726050650875,18.189388490008817,17.998207994114317,17.695607799713901,17.325026864154598,16.872476370663634,16.282491887826176,15.681463602273372,15.128782630829962,14.409462947303922,13.894821740768919,13.215259747018118,12.65349831556431,11.902028895244717,11.305418130778053,10.654570024087143,10.030717879589297,9.4775460724696483,9.1025476158242071,8.4671608329347805,8.09780698656607,7.5372726443028597,7.1767538401064259,6.7472726233986231,6.3936255186695137,6.0149457944522915,5.7253527454721738,5.4482760062361129,5.1280057274911517,4.8111712984798531,4.5547096576457662,4.3463499130829524,4.1082946101077713,3.9031252974405013,3.7443399561776745,3.5035850569831863,3.3315471524619471,3.2341162707288063,2.995815549915505,2.9028021892685016,2.7310097025853808,2.6600839473690643,2.5160236763933619,2.4225194800701195,2.2774775377419423,2.1915812944003825,2.0421218309860669,1.9635881227880694,1.8617397199687904
1.8816185648564085,1.9849394747043998,2.0845791169806098,2.1707207781602889,2.2801771339612489,2.3739267481226087,2.5400746245289985,2.6443772057294641,2.7943275048200173,2.9067288746784015,3.0596241878263788,3.2203728717941558,3.3622243822267901,3.5889904646485089,3.7563654302454927,3.9909848834870116,4.1784841118097313,4.3699100255423522,4.5655080425229908,4.9181734758996258,5.1989314827074686,5.5300001463296535,5.8232744628815531,6.0667289582953465,6.4775584193061233,6.8466668478367145,7.2344270320643309,7.7205997693775608,8.185175736936344,8.6924544083277855,9.1987514083667552,9.7217368213977977,10.368658242678807,10.998891250967743,11.538810494828979,12.253712657268878,12.965178969975117,13.495526918149721,14.204293634636654,14.985458613368616,15.488074345835802,15.983082125321308,16.667552475834484,17.307602197648173,17.692171949980239,18.167791720254364,18.571013228283462,18.783545076094292,18.829438211822499,19.072892707236292,18.910180680563567,18.926623675717522,18.780109226360629,18.606353396972562,18.265958855501864,17.819789225801987,17.333861906326874,16.660435358529039,16.176962217435115,15.473840111224915,14.931957524658729,14.173125569195575,13.554427199298219,12.817437431427633,12.198248225854043,11.533902138066603,10.95594312929696,10.349024815629306,9.7482419479146234,9.2419449478756537,8.670857638573338,8.1746227698972369,7.6538461174092625,7.2687855294009545,6.8370955521500836,6.529832418825416,6.1062412302324649,5.8137031671949213,5.4455764100168063,5.23402623355845,4.9223455791476445,4.6923890648303814,4.3782542320383895,4.2022896421072504,3.9816590056384991,3.7897422562296419,3.5484965213589166,3.3943741190203456,3.2095744869169311,3.0586425164739039,2.9722554374561061,2.7970271010393231,2.6517397408730266,2.5282945682992986,2.3987139497726018,2.3074185139924293,2.1640944965310829,2.1007766942964472,2.0114446012212244,1.8956073816291772
1.9000249027153144,1.9731594184747001,2.0494843661296294,2.1680211819409827,2.3152718848122289,2.4210469730414079,2.5528363521111728,2.6330879851760023,2.7528518901779493,2.9499224141873008,3.110425680316959,3.260866815083749,3.4800249445237865,3.6147593376509777,3.7791892891905361,4.0064462072884925,4.2187326372612066,4.4251290391190699,4.7235571302714616,4.9130197012991319,5.2858093974015032,5.5353993387682667,5.8188569417954152,6.1651415113809618,6.5406308037026415,6.9968625647653857,7.367443500324689,7.7336069147978543,8.3353714538650152,8.7871856938416233,9.3037902430815773,9.8419915620759824,10.339698937780794,11.139024836533544,11.736617272352685,12.454464448850009,13.111693419332006,13.748798127088266,14.446275623021736,15.128782630829962,15.847366060841642,16.391457407950899,16.964262642120048,17.605294035286207,18.026185627659849,18.473336928712204,18.913125694620991,19.025281646641258,19.283706630180294,19.275117005846138,19.525197782889141,19.295486686409994,19.118540425126376,18.772010437702711,18.452721830310228,18.042628622813805,17.560627988748596,17.120839222839805,16.524228458373141,15.730792587735239,15.120193006495805,14.45511066519401,13.663392719422943,13.174029550214168,12.37028613037528,11.714529666921997,11.13755232950483,10.4366389838377,9.7725383138883792,9.4132465988825373,8.7935665576327082,8.323345979797196,7.8293198716641657,7.3760331246588455,6.9895000296218228,6.5813701648303518,6.2409756233596552,5.8723580305053016,5.51699300090936,5.260531360075273,4.9284810251006128,4.7235571302714616,4.4427991234636197,4.2668345335324798,4.0383505262439297,3.8285182746524038,3.6174589338702838,3.4000187292970767,3.2684747680654298,3.0456353710536108,2.8986300860204826,2.8169059459269414,2.7209475712225126,2.5577447088735474,2.4352812076522947,2.3241069269845038,2.2185772565934441,2.1253184781083214,1.9650606298167816,1.9017428275821457
1.9029699167727394,1.964815211978663,2.0975862624009034,2.1837279235805824,2.268397077731549,2.4208015552032887,2.5189686904507864,2.659838529530945,2.7921187442769484,2.9864896720669933,3.1084623376120089,3.2709289464466171,3.4140075460698447,3.6451911495777014,3.8336720492528964,4.0086549678315606,4.224868083214175,4.4783847099908369,4.7763219654669919,5.0308202635961292,5.2381983368064677,5.618350568052402,5.7952968293360163,6.2102983935948117,6.5931502210600526,6.9929358793554863,7.3404475381316274,7.8209756651681275,8.3459244209041206,8.7763873089643951,9.2956914544236611,9.8483724258670691,10.518117706093122,11.197188864167686,11.847546135182359,12.528089800285633,13.12445514691418,13.736772653020447,14.397682891074226,15.190382508197768,15.879270379797081,16.48520702211226,17.023408341106663,17.523324477354546,18.025449374145495,18.512112947134963,18.887847657294756,19.150199326243698,19.319537634545632,19.404206788696598,19.387518375704524,19.303830892906031,19.124430453241228,18.810786456125477,18.629422673755723,18.128279448317247,17.53804954764167,17.185384114265034,16.599080898999357,15.915346802000535,15.171976170338862,14.498058786864789,13.752970230336285,13.071444893880532,12.439003125048529,11.809260952435835,11.119636827322163,10.484004626594617,9.8520536934388527,9.2787576235934672,8.8593385382485312,8.2769620083927542,7.8332465570740641,7.4062195187474495,6.9634857387812374,6.5654180053526341,6.2390122806547046,5.9143244808236064,5.5248463717291605,5.2826189655059608,5.0052968084317797,4.6732464734571195,4.4960547943353868,4.2378752286344685,3.9892669586201803,3.7801709605430105,3.6422461355202764,3.4117987855267762,3.254976786968899,3.1219603187085401,2.9894346861244183,2.77812992750418,2.6814352992853947,2.5155328407171238,2.4033768886968581,2.3162535561647042,2.1707207781602889,2.085069952656847,1.9702144044172751,1.9390463389761947
1.9213762546316453,2.0148804509548865,2.104703379706347,2.2269214630894814,2.3233706734701474,2.453196709834963,2.5135694980121741,2.6618018722358951,2.8075800680784293,2.9354427617382948,3.1064989949070592,3.2373067026243496,3.4935229256203182,3.6542716095880952,3.7747717681043986,3.993439061868199,4.2265860080810063,4.5525008971026981,4.6872352902298875,4.9797733532674302,5.252432571417355,5.4583381375989815,5.8649954953617396,6.2004816800700624,6.5357224469402659,6.9340355982069877,7.3546817727425147,7.7797454683641778,8.2239517553591046,8.6787110093931368,9.1521220191241941,9.7970800977002526,10.380929134584743,11.000118340158334,11.628633423580437,12.312612938417375,12.955116838612247,13.620935433428402,14.349580994802951,15.027670481525039,15.672628560101098,16.292308601350925,16.872967206339872,17.483812205417429,17.951578604871752,18.266204273339984,18.689304626256696,18.809559366934881,19.142836791100134,19.129338810003606,19.127375467298652,18.982333524970475,18.895946445952681,18.602917547238899,18.136623654813285,17.871081553968807,17.349568647966475,16.786580127322079,16.172544696348979,15.534703735078365,15.096142058360169,14.238406714135159,13.670755254566505,12.833880426581588,12.408080477445569,11.625197573846776,11.079633719708808,10.380929134584743,9.7941350836428267,9.243662872742485,8.7518455251525236,8.3091117451863088,7.7696833370013101,7.3313670781212341,6.9448339830842123,6.5116714988046285,6.1175304507859263,5.8060952142132409,5.5336814139014354,5.2197919989475619,4.9638211937897125,4.722330041080868,4.4403449450824315,4.2329668718720939,4.0447313900350164,3.8245915892425031,3.5970892533064274,3.3887295087436144,3.2694564394179046,3.0934918494867656,2.9408419541769071,2.8078254859165481,2.6522305765492642,2.5663343332077035,2.3952781000389396,2.2512178290632368,2.1817645808756323,2.0568469012731918,1.9773315217227188,1.8946257102767021
1.9154862265167953,2.0124262725736992,2.0281330142132989,2.1886362803429575,2.3272973588800476,2.4141752735740827,2.5238770472131615,2.6252346143562026,2.8370302086526777,2.9452594752630441,3.1487108630634832,3.2670022610367173,3.3963374617252957,3.6019976100688029,3.7885151670390482,3.9728239634662246,4.1289097085097461,4.370400861218589,4.6825723513056321,4.9225909969857637,5.1550016896842132,5.4580927197608622,5.7552937217226603,6.0829265356111835,6.5082356490709667,6.7968470266986092,7.239580806664824,7.6538461174092625,8.0779281416784521,8.5425041092372354,9.0647532687539218,9.7411248306091789,10.227542985760529,10.754209666363353,11.353520027049326,12.10523486520704,12.626011517695012,13.306309764960172,14.028083626867398,14.571193302624176,15.186210404949747,15.970565815577254,16.368388131167737,16.982423562140834,17.382700056112505,17.6693480910352,18.163128781330109,18.346701324242932,18.519230064440407,18.49149784873299,18.613961349954245,18.59727293696217,18.314060751773138,18.126070687774181,17.767515226282697,17.3328802349744,16.909534464219565,16.436368872326629,15.896695046303511,15.321681051591295,14.589354222644962,13.926235224048117,13.299928901169082,12.724669488618746,12.022038218084784,11.42689996064683,10.768198483136123,10.323992196141196,9.6049179304532757,9.1535945261529061,8.569500071430296,8.0975615687279525,7.5473347756657283,7.3109973975573777,6.8051912331946465,6.4211123165388129,6.1273471643106774,5.7739454774196854,5.4737994614004615,5.1626096426658936,4.9176826402233873,4.650668032350195,4.3942063915161071,4.1684219804468636,3.9379746304533629,3.7796801248667733,3.5536502959594101,3.4144983817460828,3.219145782603563,3.0984002062491407,2.9086922173833516,2.7830382842665542,2.6190991684032339,2.5093973947641555,2.4225194800701195,2.2853309085617419,2.1852004306092945,2.0823703564375409,1.960888526568763,1.8619851378069092
1.883091071885121,1.9525443200727257,2.0350047136806237,2.1503510975964328,2.27207834530333,2.3307332086137098,2.4961448315057435,2.605110351630465,2.7967816832012047,2.9216993628036443,3.0073501883070866,3.1752159895803072,3.2954707302584918,3.5688662019227722,3.7482666415875738,3.9627618321033564,4.1151663095750957,4.3735912931141332,4.6248991593477271,4.8379218428347963,5.0607612398466157,5.4188258656618631,5.6860858913731747,6.0443959350265413,6.2971763082888472,6.6522959200466696,7.0380927615693345,7.4744456777444608,7.9206153074443364,8.4305935750550862,8.8583568668960577,9.3823239512795755,9.9153714956734866,10.435657312485226,11.071534931050889,11.724346380446747,12.234079230219379,12.863330567155838,13.427546176990829,14.037409504715908,14.69144804330236,15.146943550850748,15.718521695829304,16.255005089956878,16.636138992555285,17.0435326038324,17.367974985825377,17.534613697908007,17.842858502585152,17.827151760945551,17.76849689763517,17.713277884058453,17.500746036247623,17.401842647485765,17.039115082746264,16.691112588293887,16.150457090918295,15.775458634272852,15.213206367142808,14.595980504274166,14.081093879901044,13.433927040781917,12.854250107145443,12.315803370312922,11.617098785188858,11.017543006664766,10.51075517094956,9.8655516745353822,9.3406029187993891,8.8438772144470512,8.3714478760684692,7.9674901145250177,7.4486768047419938,7.0432465361698284,6.7389284169025858,6.3700654062101139,6.0257441793295161,5.5881641739637962,5.383240279134645,5.096346826373833,4.8538740023125149,4.6158186993373338,4.3529761947121592,4.1289097085097461,3.8803014384954579,3.7551383410548991,3.5310718548524855,3.3519168330258027,3.1970581771728757,3.0777851078471659,2.8870954476289024,2.6981237122774693,2.6316154781472898,2.5118515731453424,2.3562566637780593,2.292448025867186,2.1373439521761397,2.0006462163439998,1.9110687054306581,1.8492234102247345
1.8219820301935541,1.9390463389761947,2.0345138780043861,2.1061758867350595,2.2391923549954185,2.2448369652721496,2.4610500806547626,2.5702610186176034,2.7216838247368691,2.8313855983759471,2.9828084044952123,3.1629450976743705,3.2537496977783049,3.5102113386123928,3.6957472242301628,3.8182107254514164,4.031233408938486,4.2518640454072356,4.5117615359749861,4.6796273372482062,4.9694658040664432,5.2244549378718173,5.5511060804078651,5.8330911764063034,6.2021996049368928,6.5492204280367972,6.8162350359099904,7.230009510978193,7.6256230660256072,8.0722835314017214,8.6053310757956325,9.0809508460697579,9.5803761466414024,10.044706696362065,10.695800220891092,11.079633719708808,11.692932897167548,12.185241080433748,12.778661413004871,13.311463539560663,13.931388998648609,14.365042318604432,14.861277187280532,15.345486581888812,15.796809986189182,16.170826771482147,16.310714939209831,16.622395593620638,16.627303950383013,16.903644436104713,16.777254249473565,16.707064747771604,16.679087114226068,16.344337183032099,16.040509899441094,15.744045150993651,15.398005999246225,14.958217233337436,14.384430327815812,13.981699655462952,13.389506412082424,12.800994436273676,12.248558882668386,11.74520689668684,11.191544253890953,10.465843706573828,10.047897128257608,9.505278288177065,9.0750608179549097,8.5999318833570193,8.1358467514744763,7.6798604082498496,7.2736938861633291,6.8208979748342466,6.5266419869298717,6.1322555210730512,5.7967693363647284,5.5709849252954839,5.2350079049109235,4.9535136445887247,4.7471172427308614,4.486483498648755,4.23738439295823,4.0471855684162037,3.8103573546316163,3.6591799663504703,3.4918050007534864,3.3330196594906591,3.1543554733402139,2.9661199915031373,2.8507736075873282,2.733463880966569,2.5560267840067166,2.4806835077042622,2.3353961475379656,2.2210314349746314,2.1233551354033713,1.9824852963232125,1.9427276065479759,1.8192824339742477
1.8060298707158358,1.8818639826945274,1.9790494465895501,2.043348920176661,2.1447064873197017,2.3088910210211417,2.391105996790921,2.4782293293230748,2.6603293652071827,2.7592327539690364,2.8669711849031652,2.9911526109912492,3.2085928155644563,3.4046816682213326,3.5892358824866282,3.7600466978172737,3.9215316352994076,4.1684219804468636,4.3748183823047269,4.6381517226061391,4.7962008103546099,5.0835850987916587,5.3142778666232786,5.6740604173053555,5.919232837585982,6.2090713044042181,6.6240728686630135,7.0032434285564742,7.3360300170454895,7.6987575817849931,8.140018854722495,8.671348474249573,9.064017015239564,9.5737498650121946,10.08102853640364,10.639844953800017,10.99913666880586,11.586666973262133,12.137384602000592,12.479251650500006,13.122000968532992,13.495772335987839,13.929671073781781,14.303442441236626,14.7967322958553,15.126328452448774,15.384998853825929,15.501817744770452,15.670665217396149,15.703796625542179,15.679991095244661,15.675573574158522,15.522432843172428,15.290512986150214,15.139826433545306,14.782007225568178,14.391792862959376,13.987589683577802,13.549028006859606,13.059174001974593,12.55410409112622,12.163644310679297,11.60703665382599,11.111783456502364,10.548549518019847,10.170851465155101,9.5281021471221088,9.0512552876573906,8.6254553385213715,8.162106460153181,7.709801384500337,7.3043711159281726,6.9816466588020232,6.6461604740937004,6.2888321017928108,6.0142095409379364,5.6188414037286396,5.4031191240222638,5.1098448074703642,4.7812303222293666,4.5581455073794288,4.3561666266077017,4.1495248069117201,3.9097515790697077,3.7112085480316437,3.561749084617329,3.3484809832921405,3.2387792096530617,3.0343461505001481,2.9163001703650324,2.7641411107314111,2.5948028024294785,2.5562722018448354,2.3962597713914144,2.2730600166558053,2.2018888436013695,2.078443671027641,1.9716869114459876,1.8445604713004784,1.7917956361049483
1.7481112609198119,1.8065207063920732,1.9002703205534335,2.0489935304533922,2.0990587694296159,2.2053246933350321,2.3258248518513351,2.4836285217616871,2.5444921456151359,2.6738273463037134,2.8218143026893161,2.9482044893204691,3.165890111731795,3.3062691151357164,3.4716807380277497,3.6363561074054269,3.8528146406261587,4.0508668359879847,4.2413110783681303,4.4437807948160932,4.7451539000259118,4.9252905932050695,5.1162256712614518,5.4777261468103617,5.819347777471652,6.0868532210210837,6.3575490964660579,6.6986798914511123,7.0368656723787399,7.3605718008573646,7.7866171678315039,8.1741319342210002,8.649506286657008,9.0841412779653012,9.5303109076651786,9.9720630162789163,10.374793688631774,10.781696464232651,11.2182947982459,11.644585583058156,12.164625982031776,12.586499245757894,12.941864275353836,13.25526285463147,13.610627884227412,13.96476582463276,14.205766141665368,14.353262262374733,14.499040458217266,14.506893829037065,14.511802185799441,14.463454871690049,14.356943529946513,14.267366019033171,13.89015880184466,13.526449565752683,13.369872985032925,13.022852161933022,12.579382128452449,12.108179879264465,11.741771046953179,11.279403839937466,10.79961196641532,10.458481171430266,9.9536566784200105,9.3756976696503678,9.0178784616732415,8.5783351136025718,8.149590150409125,7.7996243132517975,7.3809414814212193,7.0037342642327109,6.5590371415615465,6.3663841386383329,5.9685618230478497,5.728543177367718,5.3866761288683067,5.1788072199817305,4.9012396450694329,4.6810998442769192,4.4722492640378677,4.1600777739508263,3.9917211370013681,3.8206649038326037,3.6444548960633454,3.4063995930881639,3.2498230123684051,3.1251507506040839,2.9742187801610558,2.8561728000259405,2.6760361068467824,2.5817956570091849,2.4804380898661438,2.3309786264518286,2.2178410030790876,2.1353806094711896,2.0026095590489494,1.9206400011172891,1.8173190912692978,1.7522833641678308
1.6874930549044824,1.811183645316329,1.9098416162400644,1.9304567146420386,2.0848245348187286,2.1645853322073201,2.2696241669221426,2.330487790775591,2.4652221839027812,2.6473222197868891,2.7607052609977489,2.8488102648823777,3.0385182537481668,3.1376670603481398,3.3394005232817472,3.5671482770559408,3.676359215018782,3.8803014384954579,4.0447313900350164,4.2383660643107053,4.484274738105686,4.7201212805377999,4.884305814239239,5.2632309562945796,5.5621498831232099,5.7687917028191915,6.0473409490839662,6.317055153176466,6.6581859481615195,7.0113422172143913,7.3146786651291595,7.675688305001831,8.0946165546705284,8.460043715629336,8.8735727728594203,9.2826843090033666,9.6780524462126607,10.017710734169002,10.46952497414561,10.795439863167303,11.342230806495863,11.698086671768042,11.973936321813509,12.213709549655523,12.479251650500006,12.707244822112319,12.947018049954329,13.08985123173944,13.128381832324083,13.374045088280942,13.274160028166614,13.188754620501292,13.176238310757237,12.912659552617706,12.84148837956327,12.564411640327206,12.258866431869372,11.95602081963084,11.55181764024927,11.305418130778053,10.955452293620723,10.423877256255524,10.138456310523425,9.6385401742755441,9.2912739333375232,8.8038741068336961,8.4659337437441877,8.0727743670779581,7.7102922201765738,7.2901368813172853,7.0204226772247855,6.7305842104065494,6.3855267300115948,6.120230047005232,5.7084189146419799,5.4885245316875864,5.2350079049109235,5.0781859063530472,4.6896894686110757,4.4668500715992554,4.2874496319344537,4.0290246483954171,3.8280274389761657,3.7254427826425309,3.4913141650772497,3.3381734340911531,3.2358341955956371,3.0397453429387609,2.8723703773417775,2.7717490637130924,2.6473222197868891,2.4860827001428749,2.3520845605300402,2.2838584015330294,2.1528052759776211,2.0757440748083349,1.9942653525529119,1.854622602663347,1.7679901058074303,1.7223423879173441
1.6825846981421075,1.7579279744445619,1.821000358841079,1.9034607524489768,2.0259242536702304,2.0764803283226914,2.1883908625048387,2.3331873869948976,2.3807984475899335,2.5101336482785115,2.6522305765492642,2.7987450259061544,2.9354427617382948,3.0660050516174664,3.2130103366505938,3.3713048422371839,3.5406431505391165,3.6768500506950197,3.8665580395608088,4.1161479809275709,4.29800259897356,4.5196149067947866,4.75717937409373,4.9645574473040686,5.1694813421332197,5.409254569975233,5.7246164919578169,6.0704102258671284,6.286623341249741,6.6390433567882567,6.9134204998050128,7.3092794726905472,7.5370272264647413,7.8575429230478209,8.3162288624917515,8.5937964374040519,8.9283009507598994,9.2522524970766415,9.6336318175131677,9.9394224438091232,10.334299745342182,10.617511930531213,10.79004067072869,11.137306911666712,11.3976952379107,11.62249797762747,11.860062444926413,11.877241693594726,11.937614481771936,12.113333653864956,12.107689043588225,11.907428087683332,11.834293571923945,11.750115253449216,11.639922644133902,11.47991021368048,11.211177680940455,10.854830979992037,10.6238927943223,10.298714158814963,10.012802377406629,9.5899474423280324,9.2593696143820843,8.8998324815381267,8.5891334984797947,8.1294658876833878,7.8501803879042589,7.497514954527623,7.2098852482524549,6.8805345094971013,6.6024760989085642,6.2618361395997493,6.0134732874235794,5.6755329243340684,5.4671731797712555,5.1915689475639066,4.8563281806937031,4.7466264070546238,4.4670954894373756,4.2464648529686242,4.1237559339092522,3.931348348824157,3.7649550545796489,3.532544361881198,3.3575614433025338,3.2773098102377047,3.0650233802649915,2.8900404616863273,2.751133965311118,2.6858528203715317,2.5027711131349495,2.4050948135636889,2.2944113685721361,2.1925629657528574,2.0899783094192221,1.9989282914771682,1.9334017286994636,1.8313079080420662,1.7130165100688317,1.656324989463402
1.5841721450564912,1.6879838905807198,1.7495837679485247,1.8514321707678032,1.9446909492529261,2.0151258687930054,2.1110842434974342,2.2541628431206617,2.3199348237364852,2.415156944926558,2.5690339294270101,2.6679373181888639,2.8493011005586157,2.9204722736130515,3.0765580186565722,3.2640572469792923,3.4046816682213326,3.5438335824346607,3.7477758059113371,3.9232495601662385,4.1053495960503463,4.2494098670260483,4.4359274239962936,4.6828177691437505,4.8781703682862707,5.1179435961282831,5.3530538850460401,5.6838771308301066,5.8765301337533202,6.1504164410938387,6.4191489738338623,6.71463205092883,6.9141567533193697,7.3382387775885594,7.5814478551642335,7.9780430815641239,8.1505718217616003,8.6215286531114685,8.8465768106663578,9.1096647331296499,9.4272354156553053,9.665045300792368,9.8662879280497382,10.142137578095205,10.303377097739222,10.460444514135217,10.607695217006464,10.764026379888103,10.783168971261365,10.910786247083113,10.826117092932144,10.822190407522246,10.740220849590585,10.649170831648533,10.464125781706999,10.33086389560852,10.09059983209027,9.9234702843314047,9.7097113473299803,9.3810968620889827,9.1008296909573776,8.808291627919834,8.5201710859684301,8.221988412654154,7.9019635517473139,7.6953217320513305,7.2800747499544158,7.0226314377678536,6.814517111043159,6.4802580155254308,6.1101679156423643,5.8475708288553081,5.6706245675716938,5.4428768137974997,5.13414117344412,4.8597640304273648,4.7154583416135436,4.469549667818562,4.3110097443938535,4.0682915024944162,3.8945356731063456,3.6626158160841324,3.5762287370663346,3.465299874236663,3.2120286652981189,3.1109165159931966,2.9469774001298754,2.8814508373521712,2.7018049798492507,2.507188634221087,2.4566325595686256,2.3474216216057848,2.1739112100558327,2.128263492165746,2.0435943380147794,1.9351196535662951,1.8538863491489908,1.7763343123034674,1.6938739186955698,1.612149778602028
1.5782821169416412,1.6320286234896462,1.7120348387163569,1.7532650355203057,1.8619851378069092,1.9081236913732329,2.0389313990905236,2.1206555391840651,2.2266760452513625,2.3130631242691604,2.4620317520072375,2.563389319150279,2.6541939192542143,2.8382572978432719,2.9857534185526373,3.1018360559828024,3.2117832474600001,3.3526530865401591,3.529599347823773,3.7372228388722304,3.8233645000519099,4.0133179067558178,4.2982480168116792,4.4656229824086626,4.5988848685071391,4.8688444904377581,5.061742911199091,5.3326842044821836,5.4389501283876003,5.7194627173573247,6.0097920198517985,6.2691986747433104,6.5099535739377981,6.787766566688215,7.0758871086396224,7.3294037354162835,7.6175242773676883,7.7561853559047789,7.9976765086136226,8.3145109376249202,8.5209073394827843,8.7390837975703484,8.9881829032608742,9.228201548941005,9.4068657350914489,9.4984065887097415,9.6395218456280194,9.6692174040403867,9.7840729522799581,9.7985526047289646,9.7644395252304594,9.6601369440299916,9.6719170002596933,9.6758436856695926,9.3734889091073015,9.3536100642196836,9.1248806390930142,8.9707582367544418,8.6612863428867062,8.6394441552941394,8.3326718576457086,7.9996398513185731,7.8099318624527845,7.4739548420682231,7.2719759612964978,7.0763779443158592,6.8125537683382094,6.458170410094743,6.2696895104195471,6.026480432843873,5.7376236373781113,5.5071762873846115,5.2843368903727912,5.063215418227804,4.834731410939253,4.5912769155254587,4.4187481753279831,4.2368935572819924,4.0597018781602596,3.8751476638949645,3.7659367259321237,3.5484965213589166,3.3752315276470837,3.2613576507599866,3.0952097743535965,2.9842809115239248,2.8048804718591231,2.6964057874106384,2.5781143894374035,2.4527058741587258,2.3621466918929093,2.21735016740285,2.1270364029751523,2.0016278876964742,1.9579435125113378,1.848732574548497,1.7844331009613861,1.6933830830193322,1.6384094872807333,1.5841721450564912
1.5255172817461116,1.5660112250357041,1.6163218818500469,1.7054085570871507,1.782715176094555,1.8882448464856147,1.9572072589969816,2.0693632110172477,2.1474060835390083,2.2585803642067992,2.3268065232038095,2.4460795925295193,2.5648618261789911,2.6878161630764823,2.8304039270234722,2.9003480108873148,3.0542249953877665,3.2009848625827755,3.3416092838248157,3.5215005591658546,3.6199131122514707,3.8329357957385404,3.9811681699622619,4.1041225068597527,4.3659833401324519,4.5208419959853794,4.7478534962452175,4.8963312883070573,5.1898510226970753,5.2936627682213038,5.5569961085227151,5.7778721628295857,5.9823052219824984,6.2436752195789609,6.5472570853318466,6.74800887691298,6.8864245376119513,7.1303698687019823,7.350509669494496,7.5620598459528523,7.7107830558528114,7.9323953636740372,8.1395280190462564,8.21315337048188,8.3466606744184766,8.4463003166946855,8.5049551800050658,8.7101244926723371,8.7702518630114294,8.7636255813822217,8.7901307078990474,8.7020257040144173,8.670857638573338,8.5461853768090155,8.4953838843184357,8.3908358852798504,8.2894783181368101,8.2006370607378241,7.9868781237363979,7.7581486986097294,7.5664773670389893,7.3301399889306396,7.0749054372871463,6.8800436738208646,6.7261666893204115,6.5030818744704737,6.2476019049888611,5.9881952500973483,5.7732092239053285,5.5827649815251847,5.2809010406391286,5.1152439999089774,4.9144922083278448,4.7250296373001746,4.5191240711185481,4.3240168898141471,4.1804474545146819,3.9411650623489063,3.862631354150909,3.6366015252435457,3.4684903061322063,3.3855390768480706,3.1288320181758644,3.0559429202545978,2.8701616167987085,2.7815657772378417,2.6637652149408453,2.53197583587108,2.4507425314537756,2.355274992425584,2.1979621581914697,2.139798130557327,2.0276421785370613,1.9520534843964881,1.8342529220994914,1.823945372898504,1.6990276932960635,1.6415999191762773,1.5569307650253106,1.4744703714174128
1.4437931416525696,1.4936129627906747,1.5716558353124352,1.6244206705079653,1.6636875246069642,1.7751072231128739,1.8578130345588904,1.9738956719890564,2.056601483435073,2.1405343840716835,2.2215222706508686,2.3594470956736031,2.4244828227750701,2.5552905304923605,2.6726002571131202,2.7661044534363617,2.8770333162660333,3.0426903569961854,3.1538646376639767,3.3040603545926479,3.4228425882421196,3.5504598640638663,3.7833613924385547,3.8896273163439705,4.0722181879043164,4.2636441016369355,4.4248836212809506,4.5740976668571465,4.7510439281407617,4.9513048840456557,5.1670271637520315,5.4173533586331502,5.4684002689618501,5.6789687740677319,5.885365175925596,6.1722586286864063,6.3337435661685397,6.4589066636090999,6.6741381076392381,6.8051912331946465,7.056989935104478,7.173072572534644,7.3627805614004327,7.4013111619850749,7.5870924654409642,7.7102922201765738,7.7669837407820035,7.8268656932829774,7.8884655706507827,7.8899380776794956,7.8796305284785078,7.9036814766141443,7.8558249981809896,7.706120116928556,7.5981362681563089,7.5169029637390041,7.4209445890345753,7.3389750311029145,7.2084127412237429,6.9899908652980614,6.8680181997530454,6.7273937785110052,6.4809942690397859,6.3163188996621091,6.2017087692606561,5.8932185467453939,5.7042468113939622,5.4872974424969927,5.3275304298816906,5.1537746004936196,4.9360889780822941,4.81779758010906,4.5961852722878342,4.3696646077042338,4.2567724021696112,4.0864524225152028,3.9460734191112818,3.7212706793945123,3.6118143235935523,3.4677540526178499,3.2566947118357299,3.1663809474080322,3.014712723450649,2.8807145838378148,2.7683132139794306,2.6166449900220465,2.5400746245289985,2.450987949291894,2.3169898096790602,2.2232401955177004,2.0951320840197156,2.0428580845004234,1.964815211978663,1.8278720583084036,1.772898462569805,1.6916651581525011,1.6550979002728081,1.5611028682733294,1.499257573067406,1.4241597146030704
1.3807207572560525,1.4342218459659388,1.4509102589580134,1.5451507087956111,1.6359553088995462,1.6499441256723149,1.7589096457970366,1.8332712507470161,1.9334017286994636,2.0131625260880552,2.0688723753410101,2.1959988154865195,2.3066822604780728,2.3960143535532956,2.5150420050408862,2.6360329992334268,2.7530973080160677,2.8608357389501964,2.9835446580095684,3.0647779624268723,3.2714197821228548,3.3362100913862038,3.4743803342470558,3.6248214690138458,3.7656913080940053,3.9944207332206743,4.088906600896391,4.2057254918409122,4.4513887477977754,4.5669805495517029,4.8312955612055903,4.9427152597115001,5.0818671739248282,5.1748805345718321,5.4470489170455192,5.6082884366895334,5.736641966025636,5.8944456359359885,6.0556851555800035,6.2414664590358919,6.3558311715992266,6.5104444096140348,6.580879329154115,6.6930352811743807,6.7983195337273221,6.9345264338832244,7.0334298226450782,7.0631253810574472,6.9472881614653996,7.0903667610886263,7.0245947804728042,7.0832496437831836,6.9998075788228098,6.9450794009223298,6.88470661274512,6.8250700780822644,6.683709403325869,6.6184282583862819,6.5347407755877915,6.3860175656878324,6.203917529803725,6.0610843480186158,5.914079062985488,5.7609383319993919,5.5783474604390468,5.38029526507722,5.2907177541638788,5.092665558802052,4.947869034311994,4.7350917686630432,4.6312800231388147,4.4501616586071808,4.3119914157463288,4.0724636057424348,3.939201719643957,3.8388258238533903,3.6272756473950336,3.5053029818500177,3.4252967666233074,3.1869960458100071,3.1229419900610149,2.9702920947511564,2.8382572978432719,2.7280646885279558,2.624743778679965,2.4944269066389118,2.3950326822008208,2.3074185139924293,2.2013980079251319,2.0848245348187286,2.0180708828504303,1.9707052400935128,1.8580584523970094,1.7667630166168367,1.7407487257762495,1.6283473559178649,1.5446598731193735,1.4614632259971192,1.4386393670520763,1.3743398934649653
1.2960516031050862,1.3380180534233912,1.4268593108223766,1.4602361368065258,1.5615937039495666,1.6224573278030152,1.6703138062361702,1.7743709695985175,1.8072569599064292,1.8875085929712585,1.994510770391031,2.0610190045212105,2.1660578392360326,2.2723237631414488,2.3643554524359778,2.4708667941795128,2.5712426899700791,2.6522305765492642,2.7543243972066618,2.8846412692477146,3.0377820002338107,3.1840510317525816,3.2694564394179046,3.3884840909054956,3.5188009629465484,3.6721871117707634,3.8074123405741913,3.9296304239573261,4.0864524225152028,4.2410656605300119,4.3942063915161071,4.5380212446536916,4.6884623794204821,4.8045450168506472,4.9861542170585178,5.1314415772248134,5.2487513038455731,5.3950203353643449,5.4912241279068921,5.6868221448875316,5.7393415622449426,5.919969091100338,5.9727339262958683,6.0642747799141583,6.0331067144730781,6.2385214449784669,6.2795062239442982,6.3219635099388398,6.2984033974794409,6.3693291526957569,6.3796367018967448,6.3644207959333832,6.2456385622839115,6.2709165996101417,6.2210967784720363,6.1207208826814696,6.0721281507339597,6.019117897700311,5.8959181429647014,5.8213111201766035,5.6340573096920012,5.4720815365336302,5.4006649456410765,5.2249457735480558,5.1616279713134201,5.0143772684421739,4.8320318147199472,4.6273533377289144,4.5888227371442722,4.4263561283096635,4.1816745437052756,4.1006866571260909,3.9804319164479054,3.7980864627256787,3.6353744360529521,3.5050575640118988,3.4287326163569691,3.2591488902169177,3.1526375484733826,3.1087077554501281,2.895685071963058,2.7589873361309181,2.6448680414057022,2.5790960607898783,2.4102485881641829,2.3923330859815146,2.268397077731549,2.1429885624528708,2.0558652299207165,2.0129171082499369,1.9228487616603578,1.8467692318435469,1.7711805377029741,1.691419740314382,1.6509257970247895,1.5701833282837228,1.4612178081590004,1.3952004097050585,1.3942187383525835,1.3306555182798288
1.2450046927763874,1.3016962133818171,1.3259925793555729,1.3925008134857524,1.4710345216837504,1.5262535352604678,1.6200031494218279,1.6634421067688456,1.7481112609198119,1.7844331009613861,1.872538104846015,1.9697235687410377,2.018561718526668,2.1410252197479211,2.2389469371572996,2.3128177064310416,2.3866884757047835,2.5498913380537478,2.6205716754319464,2.7337092988046874,2.8085617394309037,2.9592482920358125,3.0566791737689543,3.1310407787189334,3.2763281388852299,3.3821032271144085,3.5396614791866421,3.6994284918019438,3.7850793173053856,3.8901181520202082,4.0236254559568048,4.158359849083995,4.2579994913602048,4.3652470866180959,4.5294316203195359,4.6825723513056321,4.7431905573209621,4.9542498981030816,5.0013701230218803,5.1758622059243065,5.2367258297777548,5.2946444395737782,5.4163716872806766,5.4598106446276935,5.5560144371702407,5.622031835624183,5.6902579946211942,5.7005655438221803,5.6770054313627814,5.7003201259840628,5.7592204071325614,5.7032651400414869,5.6875583984018876,5.6016621550603265,5.5270551322722286,5.5012862592697607,5.4895062030400616,5.4023828705079069,5.2990619606599152,5.2281362054435991,5.1554925253604509,5.0094689116797984,4.9417335883590257,4.7363188578536368,4.6896894686110757,4.5583909252175472,4.4329824099388695,4.3146910119656345,4.1664586377419139,3.9931936440300806,3.926194574223663,3.8302361995192347,3.6559895344549265,3.5313172726906048,3.4122896212030138,3.2451600734441493,3.1327587035857642,3.0289469580615358,2.9445232217486876,2.8718795416655398,2.7135850360789502,2.6537030835779767,2.4774930758087188,2.4320907757567514,2.3054551712874796,2.2448369652721496,2.1493694262439584,2.0642094364167543,1.9395371746524324,1.8826002362088836,1.7819789225801987,1.7353495333376376,1.6452811867480586,1.5613482861114483,1.5213451784980927,1.4695620146550379,1.4163063437832704,1.3841566069897153,1.2940882604001362,1.222180833831344
1.1500279894244334,1.2170270592308505,1.2737185798362802,1.3338459501753726,1.3711494615694217,1.4455110665194011,1.4783970568273128,1.5893259196569847,1.6254023418604402,1.7061448106015069,1.7368220403663499,1.8526592599583969,1.9032153346108582,2.0345138780043861,2.0885058023905101,2.1805374916850391,2.2990743074963915,2.3596925135117215,2.4318453579186321,2.5300124931661294,2.655421008444808,2.7447531015200308,2.8230413918799098,2.9300435692996825,3.0368003288813359,3.1842964495907014,3.2471234161490989,3.385048241171833,3.4900870758866556,3.5403977327009981,3.7347686604910431,3.7828705567623171,3.9917211370013681,4.0785990516954032,4.2064617453552691,4.2521094632453558,4.3500311806547343,4.4099131331557073,4.5434204370923039,4.5765518452383347,4.714967505937306,4.7846661719630292,4.8860237391060704,5.0494720192931535,5.0433365733401851,5.0254210711575169,5.1329140842535264,5.1226065350525385,5.1346320091203586,5.176353041600545,5.0894751269065086,5.1446941404832254,5.12456987775749,5.1520566756267883,5.0678783571520594,4.9729016538001058,4.9240635040144749,4.8560827628555838,4.8298230541768783,4.7404909611016546,4.6749643983239499,4.5971669436403086,4.4982635548784557,4.338741960101272,4.2211868156423931,4.1448618679874638,4.0405592867869977,3.9419013158632628,3.8160019649083474,3.7085089518123375,3.5806462581524721,3.4599006817980498,3.3251662886708599,3.286390270248098,3.1033085630115149,3.0213390050798554,2.9408419541769071,2.8191147064700099,2.7145667074314255,2.6024107554111593,2.5408108780433545,2.4630134233597132,2.3493849643107345,2.2693787490840238,2.1721932851890013,2.0963591732103097,1.9881299065999436,1.9270208649083762,1.8602672129400779,1.7898322933999986,1.7098260781732881,1.6300652807846963,1.5559490936728357,1.5110376292971055,1.427350146498614,1.3966729167337708,1.3282013398986414,1.2661106268545992,1.2131003738209505,1.1944486181239262
1.1090432104586032,1.1473283932051273,1.1799689656749202,1.2891799036377609,1.3021870490580547,1.3522522880342784,1.422687207574358,1.4597453011302883,1.5483411406911545,1.595706783448072,1.6506803791866711,1.7267599090034815,1.7621000776925804,1.896589052981652,1.9412550995192634,2.0725536429127915,2.0880149667142724,2.1665486749122702,2.3189531523840103,2.3650917059503342,2.4536875455112006,2.5282945682992986,2.5741877040275036,2.7005778906586566,2.7592327539690364,2.912373484955133,3.0090681131739174,3.0922647602961719,3.2564492939976115,3.3146133216317533,3.4279963628426136,3.5600311597504972,3.6073968025074148,3.7080181161361003,3.8317087065479472,3.9149053536702012,3.9718422921137497,4.097741643068666,4.158359849083995,4.211615519955763,4.2641349373131741,4.4332278277769879,4.3674558471611649,4.4668500715992554,4.5188786532804297,4.5370395733012163,4.6599939101987076,4.6018298825645649,4.6698106237234569,4.6590122388462323,4.6523859572170263,4.6909165578016694,4.6644114312848446,4.650668032350195,4.5402300051967606,4.5480833760165602,4.4263561283096635,4.3927338844873951,4.3743275466284901,4.2658528621800045,4.178238693971613,4.1912458393919065,4.0614198030270918,3.9431284050538569,3.8957627622969389,3.7752626037806363,3.7173439939846125,3.6402827928153272,3.4557285785500316,3.381366973600052,3.2979249086396791,3.2142374258411874,3.1511650414446706,2.986980507743231,2.900102593049195,2.8551911286734653,2.7167754679744935,2.6750544354943075,2.5361479391190982,2.4519696206443693,2.3700000627127089,2.2541628431206617,2.204097604144438,2.1341535202805964,1.9935290990385557,1.9113141232687767,1.8938894567623459,1.8089748847732607,1.7211152987267504,1.6462628581005334,1.5996334688579721,1.5439236196050174,1.4806058173703815,1.4111525691827769,1.3782665788748654,1.2867257252565738,1.2496676317006437,1.1856135759516513,1.1053619428868222,1.1299037266986967
1.0371357838898112,1.1011898396388033,1.1375116796803775,1.1645076418734392,1.2589935095491556,1.2673377160451929,1.3240292366506228,1.3674681939976405,1.4413389632713824,1.5039205119916621,1.5753371028842165,1.594970529933716,1.676449252189139,1.7724076268935678,1.8158465842405853,1.902479081096502,1.9253029400415451,1.9967195309340995,2.1270364029751523,2.1999255008964194,2.2666791528647177,2.3631283632453837,2.3967506070676521,2.5076794698973242,2.5795868964661159,2.7221746604131059,2.7592327539690364,2.8353122837858469,2.984771747200162,3.0696863191892474,3.1489562809016016,3.1673626187605075,3.2935073875535421,3.3995278936208395,3.446402700701519,3.5779466619331659,3.6442094782252266,3.6240852154994903,3.8071669227360729,3.8572321617122962,3.8542871476548712,3.9264399920617823,3.9990836721449305,4.0358963478627423,4.0793353052097601,4.0788444695335215,4.1389718398726139,4.2089159237364564,4.2076888345458627,4.1222834268805402,4.223395576185462,4.1632682058463697,4.1902641680394312,4.1522244031310267,4.1163933987656893,4.0565114462647163,4.0017832683642363,3.9841131840196868,3.9463188369494002,3.8820193633622897,3.8255732605949784,3.7620100405222239,3.692556792334619,3.5995434316876151,3.5219913948420922,3.4989221180589301,3.356579771950059,3.2947344767441358,3.2387792096530617,3.0846568073144911,3.0679683943224161,2.8942125649343455,2.8573998892165342,2.7570239934259675,2.710885439859644,2.5862131780953219,2.5064523807067305,2.4289003438612076,2.3459491145770723,2.2949022042483733,2.1660578392360326,2.1069121402494151,1.9986828736390494,1.9194129119266952,1.8997794848771956,1.8261541334415727,1.7628363312069366,1.6668779565025078,1.6141131213069779,1.5618391217876857,1.4747157892555316,1.4352035173184137,1.3844020248278337,1.3331096966610165,1.3286921755748788,1.2197266554501567,1.1865952473041261,1.1208232666883031,1.1038894358581095,1.0366449482135738
0.99197890167596248,1.0248648919838741,1.0930910509808849,1.0923547974665286,1.1618080456541331,1.2023019889437259,1.2825536220085554,1.2820627863323177,1.344889752890716,1.3981454237624833,1.4688257611406816,1.5004846622579995,1.5856446520852037,1.6229481634792526,1.6931376651812136,1.749092932272287,1.82075494100296,1.9091053627257082,1.9358559070806514,2.0153712866311242,2.0946412483434784,2.1466698300246518,2.2450823831102684,2.3037372464206478,2.4163840341171516,2.4905002212290119,2.5307487466804859,2.6360329992334268,2.7040137403923192,2.7953091761724922,2.902311353592264,2.9550761887877939,3.0041597564115432,3.0633054553981602,3.1384033138624963,3.1521467127971454,3.3209941854228409,3.3551072649213465,3.4603915174742879,3.4903324937247739,3.528863094309417,3.5718112159801971,3.6177043517084022,3.6339019290242396,3.6839671680004633,3.7050731020786754,3.7880243313628106,3.7541566697024238,3.8029948194880538,3.8201740681563656,3.8253278427568596,3.7966139556969667,3.7715813362088548,3.7740355145900422,3.7227431864232248,3.6905934496296693,3.6633520695984889,3.6488724171494828,3.5519323710925788,3.5327897797193173,3.4886145688579431,3.445666447187163,3.3391551054436279,3.285654016733742,3.1818422712095131,3.2076111442119815,3.0507891456541048,3.0117677093932236,2.8866046119526643,2.8907767152006834,2.8031625469922918,2.6902703414576692,2.5773781359230474,2.5508730094062231,2.4728301368844625,2.4360174611666512,2.3565020816161777,2.2234856133558192,2.1476515013771271,2.0931687413147659,2.0271513428608237,1.9910749206573686,1.8850544145900712,1.8514321707678032,1.724305730622294,1.7262690733272439,1.6308015342990525,1.5782821169416412,1.5223268498505678,1.4906679487332499,1.4089438086397079,1.3615781658827908,1.2639018663115307,1.207946599220457,1.2069649278679822,1.1645076418734392,1.1056073607249408,1.0660950887878229,1.0668313423021791,0.97332714597893799
0.91074559725865822,0.96792795354032568,0.98927930545665621,1.0550512860724797,1.0935818866571225,1.095054393685835,1.1635259705209644,1.2121187024684756,1.2729823263219242,1.2872165609328112,1.3929916491619898,1.4288226535273265,1.440848127595145,1.5206089249837367,1.5485865585292733,1.6666325386643892,1.7270053268415999,1.772162209055449,1.818055344783654,1.9007611562296707,1.9562255876445069,1.9832215498375687,2.0958683375340721,2.1280180743276276,2.2691333312459054,2.3069276783161916,2.3518391426919218,2.4070581562686395,2.4944269066389118,2.5317304180329612,2.6556664262829268,2.6752998533324259,2.7621777680264614,2.8218143026893161,2.861326574626434,2.9364244330907692,2.9648929023125441,3.0655142159412283,3.113370694374384,3.145520431167939,3.2314166745094997,3.2515409372352369,3.257921801026324,3.3271296313758096,3.3543710114069905,3.3349830021956097,3.4213700812134071,3.343327208691647,3.4041908325450949,3.4476297898921127,3.4449301936728065,3.3933924476678707,3.4201429920228139,3.4027183255163829,3.3580522789787715,3.3592793681693656,3.3308108989475906,3.2613576507599866,3.2586580545406805,3.1582821587501142,3.1526375484733826,3.1263778397946775,3.0510345634922231,3.0196210802130237,2.9042746962972146,2.8664803492269275,2.7818111950759614,2.7506431296348803,2.7263467636611249,2.658366022502233,2.5280491504611797,2.4949177423151494,2.4286549260230887,2.3523299783681595,2.2814042231518425,2.2183318387553252,2.1547686186825703,2.0570923191113106,2.0345138780043861,1.9415005173573823,1.87940980431334,1.7917956361049483,1.7645542560737679,1.6850388765232949,1.6209848207743025,1.5993880510198533,1.4855141741327562,1.4695620146550379,1.4266138929842578,1.3829295177991214,1.3230475652981479,1.2710189836169743,1.2170270592308505,1.169661416473933,1.1343212477848339,1.0827835017798977,1.0491612579576299,1.002041033038831,0.96645544651161308,0.94731285513835106
0.88399505290371516,0.90313764427697718,0.93307862052746393,0.99541475140962477,1.0393445444328799,1.0425349763284235,1.1117428066779096,1.1274495483175091,1.1797235478368016,1.228070861946194,1.2737185798362802,1.3208388047550792,1.3348276215278476,1.4221963718981203,1.4901771130570125,1.5296893849941302,1.5981609618292598,1.6195123137455902,1.6793942662465637,1.7363312046901125,1.7792793263608926,1.8919261140573957,1.9108232875925391,1.9761044325321249,2.046293934234086,2.1010221121345656,2.1319447597375274,2.2163684960503751,2.2919571901909479,2.3228798377939102,2.4075489919448767,2.4347903719760575,2.5017894417824742,2.5408108780433545,2.5810594034948284,2.7067133366116258,2.7305188669091436,2.7616869323502242,2.8102796642977355,2.8338397767571344,2.8917583865531582,2.9653837379887813,2.902311353592264,2.9936067893724365,3.0255111083278736,3.0269836153565861,3.0522616526828172,3.1204878116798276,3.0853930608288467,3.1482200273872456,3.1067444127451775,3.0363094932050982,3.0765580186565722,3.050543727815985,3.0255111083278736,3.0586425164739039,2.997288056944218,2.9440323860724509,2.9580212028452184,2.9145822454982016,2.85420945732099,2.8252501524229787,2.7462256085487433,2.7391084912432997,2.6782448673898513,2.6144362294789776,2.5452283991294919,2.4922181460958432,2.4340541184617011,2.4203107195270515,2.3115906172404479,2.2664337350265988,2.2313389841756188,2.1849550127711761,2.0818795207613037,1.988620742276181,1.9736502541509378,1.9395371746524324,1.8465238140054285,1.7812426690658427,1.7090898246589317,1.6793942662465637,1.6374278159282587,1.5655203893594667,1.5053930190203746,1.4678440897882066,1.3844020248278337,1.3672227761595217,1.3456260064050722,1.2526126457580684,1.228070861946194,1.1942032002858072,1.1421746186046338,1.109288628296722,1.063395492568517,1.0474433330907986,1.0022864508769498,0.94706743730023224,0.92252565348835802,0.86436162585421572
0.80497050902947975,0.84472819880471617,0.8776141891126279,0.91835355024033927,0.93847781296607635,0.99639642276209972,1.0148027606210057,1.0555421217487171,1.1112519710016719,1.1041348536962285,1.2057378386773885,1.2440230214239123,1.275927340379349,1.2756819225412301,1.361332748044672,1.4428114703000949,1.4582727941015758,1.5215905963362115,1.5262535352604678,1.6268748488891525,1.6634421067688456,1.7029543787059633,1.7505654393009995,1.8050481993633607,1.857567616720772,1.9282479540989699,1.9437092779004508,2.0278875963751801,2.1105934078211965,2.1577136327399957,2.1898633695335508,2.2391923549954185,2.2548990966350182,2.3376049080810346,2.3901243254384461,2.4178565411458641,2.4733209725607002,2.5226499580225674,2.5911215348576975,2.6441317878913457,2.6203262575938275,2.6571389333116393,2.6635197971027265,2.7641411107314111,2.7135850360789502,2.7454893550343873,2.7742032420942802,2.7769028383135859,2.7756757491229926,2.778866181018536,2.7840199556190295,2.7680677961413109,2.754078979368543,2.7918733264388291,2.788437476705167,2.737881402052706,2.7199658998700369,2.6649923041314389,2.6338242386903583,2.611000379745315,2.6117366332596714,2.5454738169676108,2.5282945682992986,2.4973719206963367,2.4536875455112006,2.3395682507859847,2.3091364388592606,2.3015284858775797,2.2124418106404753,2.1528052759776211,2.134644355956834,2.0808978494088288,1.9986828736390494,1.9873936530855874,1.9248121043653077,1.8870177572950211,1.8008760961153421,1.7589096457970366,1.7427120684811999,1.6813576089515136,1.5922709337144099,1.5294439671560116,1.502938840639187,1.427104728660495,1.4290680713654451,1.37924825022734,1.3117583447446857,1.2454955284526248,1.2528580635961872,1.2072103457061008,1.1443833791477023,1.0921093796284098,1.068058431492773,1.0226561314408054,0.99737809411457479,0.98019884544626279,0.92497983186954535,0.85798076206312845,0.84816404853837868,0.80349800200076726
0.7666853262829556,0.79073627441859262,0.81012428362997324,0.84742779502402232,0.88080462100817158,0.92080772862152682,0.92154398213588307,0.96694628218785061,1.0346816055086239,1.0535787790437672,1.0918639617902912,1.150518825100671,1.169661416473933,1.2197266554501567,1.2643927019877681,1.3331096966610165,1.3387543069377474,1.3726219685981338,1.4460019021956383,1.4720161930362254,1.5291985493178926,1.5463777979862048,1.6342373840327149,1.6897018154475512,1.7181702846693254,1.7576825566064431,1.7743709695985175,1.8862815037806648,1.868856837274234,1.9434638600623322,1.9670239725217316,2.043348920176661,2.1071575580875344,2.1238459710796089,2.1572227970637581,2.2308481484993807,2.2890121761335234,2.2968655469533235,2.3250885983369787,2.3523299783681595,2.3596925135117215,2.4161386162790324,2.4524604563206065,2.5079248877354425,2.4863281179809933,2.4671855266077314,2.4578596487592193,2.5059615450304933,2.5265766434324672,2.5039982023255427,2.5494005023775106,2.5076794698973242,2.5312395823567235,2.5241224650512804,2.5066977985448493,2.4686580336364439,2.4242374049369513,2.4514787849681321,2.4021497995062644,2.351593724853803,2.3511028891775654,2.2958838756008482,2.3214073307651977,2.1989438295439445,2.2119509749642376,2.1923175479147381,2.1314539240612902,2.0612644223593293,2.0543927228920045,1.9795402822657877,1.9707052400935128,1.9100870340781828,1.8610034664544342,1.8099565561257354,1.7341224441470438,1.698291439781707,1.6553433181109269,1.6033147364297533,1.6067505861634155,1.4960671411718622,1.4825691600753312,1.4086983908015895,1.3799845037416962,1.3345822036897288,1.3012053777055796,1.2619385236065808,1.2143274630115444,1.1669618202546266,1.1296583088605776,1.0899006190853413,1.0302640844224864,1.0040043757437809,1.012594000077937,0.9478036908145886,0.92767942808885162,0.88178629236064643,0.86902456477847168,0.82681269662204782,0.78067414305572413,0.76275864087305578
0.74729731707157498,0.73821685706118145,0.78680958900869269,0.7887729317136426,0.83172105338442281,0.85307240530075346,0.87908669614134016,0.91589937185915182,0.93406029187993889,0.99835976546704974,1.0253557276601115,1.0408170514615924,1.0678130136546544,1.1375116796803775,1.150273407262552,1.1605809564635394,1.2332246365466877,1.2766635938937052,1.3151941944783481,1.3655048512926904,1.3949549918669399,1.431031414070395,1.5024480049629496,1.5343523239183863,1.5893259196569847,1.600860558048566,1.6597608391970642,1.6825846981421075,1.7547375425490181,1.7478658430816933,1.8187915982980105,1.8349891756138477,1.9073874378588769,1.9520534843964881,1.9702144044172751,2.012671690411818,2.0541473050538857,2.0453122628816107,2.0727990607509099,2.0735353142652664,2.1807829095231575,2.2185772565934441,2.2487636506820494,2.2517086647394748,2.230357312823144,2.2561261858256119,2.2534265896063057,2.2710966739508551,2.2649612279978864,2.3088910210211417,2.2688879134077862,2.2706058382746175,2.2706058382746175,2.2946567864102545,2.2718329274652111,2.2507269933869991,2.3285244480706413,2.1805374916850391,2.1834825057424636,2.1837279235805824,2.1626219895023704,2.1258093137845586,2.0789345067038787,2.049975201805867,2.0313234461088423,1.9714414936078692,1.9530351557489631,1.8919261140573957,1.8843181610757149,1.8445604713004784,1.7782976550084175,1.7387853830712998,1.6835663694945824,1.6509257970247895,1.6119043607639092,1.5635570466545168,1.5657658071975853,1.4332401746134638,1.4688257611406816,1.3785119967129837,1.3738490577887279,1.3421901566714096,1.266356044692718,1.255803077653612,1.2023019889437259,1.170643087826408,1.1186145061452342,1.0962814828764287,1.0690401028452481,1.0069493898012059,1.020201953059618,0.96032000055864453,0.91565395402103311,0.89307551291410869,0.85429949449134723,0.85945326909184083,0.77821996467453658,0.76177696952058083,0.73060890407950019,0.69968625647653859
0.66140107373001444,0.68766078240872008,0.71195714838247581,0.76423114790176816,0.76742157979731185,0.78828209603740518,0.80791552308690462,0.8265672787839291,0.88154087452252783,0.92792484592697033,0.94903078000518226,0.99835976546704974,1.0032681222294246,1.0339453519942676,1.0840105909704914,1.0933364688190035,1.14880090023384,1.18389565108482,1.2344517257372813,1.2783815187605365,1.3299192647654725,1.3159304479927043,1.3743398934649653,1.3848928605040716,1.4509102589580134,1.4968033946862183,1.5044113476678995,1.5755825207223353,1.5824542201896599,1.6138677034688591,1.6519074683772648,1.7169431954787315,1.7061448106015069,1.7746163874366365,1.8057844528777169,1.8504504994153284,1.8801460578276963,1.9034607524489768,1.9230941794984764,1.9837123855138064,1.9429730243860948,1.9599068552162879,2.0114446012212244,2.0040820660776619,2.0281330142132989,2.0477664412627985,2.0534110515395292,2.0570923191113106,2.0583194083019043,2.0593010796543791,2.0558652299207165,2.0320596996231988,2.0904691450954598,2.0367226385474551,2.0445760093672547,1.9692327330648003,2.0489935304533922,1.9709506579316314,1.9434638600623322,1.9235850151747138,1.9223579259841199,1.9272662827464953,1.8884902643237336,1.8421062929192908,1.8489779923866156,1.8109382274782106,1.7316682657658562,1.7478658430816933,1.701236453839132,1.6683504635312203,1.6011059758866846,1.5861354877614411,1.5336160704040303,1.5152097325451241,1.4960671411718622,1.4393756205664325,1.3657502691308092,1.3542156307392283,1.3070954058204296,1.2955607674288487,1.2513855565674747,1.2032836602962007,1.1681889094452205,1.1627897170066082,1.1139515672209781,1.1029077645056347,1.0611867320254482,1.0224107136026868,0.96940046056903806,0.93945948431855131,0.90092888373390845,0.88080462100817158,0.84472819880471617,0.81036970146809206,0.80202549497205478,0.7939267063141362,0.71662008730673188,0.73159057543197525,0.68373409699882026,0.68471576835129522
0.63784096127061507,0.66091023805377702,0.66581859481615191,0.65305686723397716,0.70263127053396357,0.74631564571909992,0.76864866898790563,0.79245419928542371,0.81552347606858577,0.85086364475768472,0.87589626424579659,0.87638709992203412,0.93725072377548246,0.96866420705468181,0.97848092057943159,0.99443308005714992,1.0471979152526798,1.1068344499155345,1.1227866093932528,1.1539546748343334,1.1816868905417515,1.2138366273353067,1.2732277441600428,1.2773998474080615,1.318139208535773,1.33433678585161,1.3647685977783344,1.4410935454332636,1.5039205119916621,1.4855141741327562,1.5063746903728494,1.5547220044822421,1.5399969341951174,1.6170581353644031,1.6425815905287524,1.6678596278549829,1.686265965713889,1.7238148949460563,1.7198882095361563,1.7235694771079377,1.7643088382356493,1.8222274480316727,1.8553588561777032,1.8001398426009858,1.860512630778197,1.8698385086267091,1.8386704431856287,1.8504504994153284,1.9017428275821457,1.8865269216187837,1.8607580486163156,1.8659118232168093,1.8919261140573957,1.8438242177861224,1.8433333821098847,1.8703293443029465,1.8465238140054285,1.7657813452643618,1.7763343123034674,1.7832060117707926,1.7260236554891253,1.7743709695985175,1.681112191113395,1.6889655619331949,1.6609879283876581,1.6425815905287524,1.5907984266856974,1.550795319072342,1.5569307650253106,1.5299348028322488,1.492385873600081,1.4204784470312894,1.4182696864882205,1.3799845037416962,1.3534793772248721,1.2800994436273678,1.3026778847342921,1.2589935095491556,1.214818298687782,1.1978844678575886,1.1475738110432459,1.1144424028972157,1.0798384877224727,1.0557875395868357,1.0265828168507054,1.0054768827724934,0.96277417893983186,0.91982605726905176,0.93381487404182018,0.85699909071065339,0.82435851824086048,0.81208762633492315,0.81748681877353557,0.76054988032998705,0.74975149545276232,0.71686550514485059,0.67686239753149546,0.67318112995971424,0.62728799423150916,0.63636845424190269
0.57943151579835417,0.58998448283746008,0.61698044503052196,0.66630943049238944,0.65035727101467122,0.69183288565673873,0.7117117305443571,0.74631564571909992,0.77085742953097436,0.79466295982849233,0.80742468741066709,0.84251943826164744,0.86387079017797808,0.88988508101856512,0.92645233889825784,0.9566387329868633,0.96743711786408804,0.99958685465764363,1.0194656995452618,1.0462162439002047,1.0813109947511852,1.1198415953358278,1.1387387688709711,1.1865952473041261,1.2270891905937191,1.2290525332986688,1.2518763922437122,1.3149487766402295,1.3250109080030978,1.365014015616453,1.4042808697154519,1.3991270951149584,1.4423206346238573,1.458763629777813,1.460726972482763,1.4725070287124629,1.5296893849941302,1.546132380148086,1.58049087748471,1.6330102948421212,1.6413545013381585,1.6418453370143962,1.6136222856307407,1.649453289996077,1.6602516748733018,1.6676142100168641,1.6722771489411203,1.7179248668312068,1.7085989889826945,1.6980460219435882,1.7181702846693254,1.6749767451604265,1.6865113835520074,1.6882293084188387,1.6742404916460703,1.6847934586851763,1.670559224074289,1.6101864358970779,1.5782821169416412,1.5900621731713411,1.5640478823307542,1.5878534126282724,1.5530040796154108,1.5348431595946237,1.5193818357931426,1.4891954417045374,1.440602709757026,1.4506648411198946,1.4111525691827769,1.3782665788748654,1.3544610485773472,1.3021870490580547,1.2732277441600428,1.2680739695595491,1.2135912094971879,1.2091736884110507,1.1448742148239399,1.1576359424061144,1.1353029191373087,1.0923547974665286,1.0552967039105983,1.0236378027932804,1.0054768827724934,0.93970490215667002,0.93651447026112633,0.89552969129529603,0.8776141891126279,0.85454491232946583,0.82607644310769157,0.82632186094581039,0.77772912899829916,0.74484313869038732,0.7340447538131627,0.70312210621020088,0.68667911105624502,0.67367196563595177,0.65281144939585856,0.62017087692606554,0.60495497096270345,0.55268097144341111
0.54703636116667986,0.56077976010132968,0.56593353470182317,0.57403232335974186,0.60250079258151612,0.61992545908794694,0.66434608778743942,0.65428395642457104,0.69183288565673873,0.71465674460178197,0.74238896030919999,0.77036659385473671,0.75539610572949345,0.81061511930621077,0.82681269662204782,0.86730663991164059,0.88105003884629018,0.9051009869819272,0.91344519347796449,0.97799008490319395,1.0079310611536809,1.0265828168507054,1.0511246006625798,1.0972631542289033,1.0962814828764287,1.1267132948031529,1.1348120834610713,1.1497825715863148,1.1951848716382825,1.2054924208392694,1.2543305706248995,1.2481951246719309,1.3318826074704226,1.2881982322852863,1.3544610485773472,1.3993725129530772,1.3797390859035776,1.3885741280758526,1.4631811508639505,1.4344672638040574,1.4783970568273128,1.4499285876055383,1.4860050098089936,1.5036750941535433,1.5149643147070053,1.5127555541639368,1.5331252347277924,1.5179093287644303,1.5184001644406679,1.5139826433545307,1.5726375066649103,1.5056384368584932,1.5601211969208544,1.5105467936208681,1.5284622958035363,1.4894408595426563,1.5179093287644303,1.4764337141223629,1.464653657892663,1.4582727941015758,1.4312768319085141,1.4496831697674195,1.436921442185245,1.3542156307392283,1.3836657713134775,1.3478347669481412,1.3061137344679543,1.3326188609847789,1.2626747771209368,1.2756819225412301,1.2531034814343058,1.1883131721709574,1.1755514445887827,1.156163435377402,1.1114973888397905,1.0808201590749478,1.0660950887878229,1.064131746082873,1.0015501973625933,0.98363469517992508,0.94853994432894473,0.93945948431855131,0.90608265833440216,0.88767632047549638,0.85748992638689081,0.82141350418343551,0.80202549497205478,0.78214665008443651,0.74999691329088114,0.74337063166167494,0.70557628459138844,0.7117117305443571,0.68569743970377006,0.66140107373001444,0.61550793800180936,0.6091270742107221,0.5715781449785543,0.57280523416914797,0.56225226713004195,0.54261884008054262
0.50212489679094985,0.5185678919449056,0.54139175088994884,0.54875428603351117,0.5715781449785543,0.56323393848251702,0.60863623853448467,0.61133583475379072,0.67318112995971424,0.65526562777704589,0.66851819103545829,0.71981051920227557,0.69968625647653859,0.74140728895672503,0.74876982410028725,0.79687172037156118,0.81208762633492315,0.84840946637649728,0.88644923128490249,0.88595839560866518,0.86779747558787812,0.92817026376508893,0.93136069566063273,0.99173348383784365,1.0118577465635807,0.99615100492398101,1.0496520936338674,1.0685492671690107,1.1146878207353341,1.1276949661556277,1.154200092672452,1.1576359424061144,1.1578813602442335,1.196657378666995,1.2354333970897564,1.2189904019358004,1.2432867679095561,1.259729763063512,1.2899161571521172,1.2786269365986553,1.3235384009743851,1.3223113117837917,1.3446443350525974,1.3493072739768537,1.3564243912822971,1.3365455463946787,1.3736036399506091,1.3682044475119968,1.3907828886189209,1.3934824848382272,1.3873470388852587,1.4047717053916895,1.3790028323892216,1.3598602410159593,1.3242746544887414,1.3414539031570536,1.3510251988436845,1.340963067480816,1.3166667015070606,1.2783815187605365,1.2867257252565738,1.2950699317526109,1.266356044692718,1.2673377160451929,1.2457409462907436,1.2135912094971879,1.2177633127452068,1.1765331159412578,1.1627897170066082,1.1289220553462214,1.1242591164219655,1.0960360650383099,1.0381174552422863,1.0759118023125727,1.0354178590229801,1.0027772865531872,0.99001555897101245,0.96989129624527537,0.93626905242300751,0.92203481781212038,0.89454801994282107,0.85871701557748459,0.83000312851759162,0.81036970146809206,0.77478411494087418,0.77674745764582409,0.73429017165128141,0.72471887596465057,0.68152533645575153,0.67956199375080151,0.67293571212159553,0.64225848235675254,0.59685618230478488,0.60740914934389101,0.58090402282706655,0.56495186334934833,0.54850886819539246,0.53697422980381138,0.5303479481746054,0.50801492490579969
0.46506680323501948,0.47120224918798809,0.49844362921916868,0.49549861516174371,0.51390495302064954,0.57035105578796064,0.55832558172014213,0.57354148768350421,0.59636534662854745,0.62507923368844043,0.61918920557359058,0.62458839801220289,0.67907115807456409,0.68937870727555128,0.71981051920227557,0.72471887596465057,0.73183599327009408,0.79196336360918618,0.78239206792255522,0.8059521803819546,0.80963344795373582,0.87491459289332163,0.86362537233985937,0.90117430157202727,0.92080772862152682,0.9374961416136014,0.94927619784330097,1.0052314649343745,0.98878846978041879,1.0015501973625933,1.0005685260101185,1.0462162439002047,1.0761572201506917,1.0727213704170291,1.115914909925928,1.1161603277640468,1.150273407262552,1.1841410689229388,1.1473283932051273,1.180214383513039,1.166716402416508,1.214572880849663,1.2140820451734258,1.2094191062491695,1.1946940359620448,1.2253712657268878,1.2423050965570812,1.2224262516694631,1.249913049538762,1.2315067116798566,1.266356044692718,1.2423050965570812,1.2361696506041124,1.2285616976224314,1.2302796224892627,1.2297887868130251,1.2435321857476749,1.2167816413927317,1.2376421576328249,1.1512550786150273,1.1890494256853137,1.1694159986358144,1.1289220553462214,1.1483100645576021,1.1340758299467151,1.0896552012472225,1.1019260931531598,1.0722305347407917,1.0518608541769359,1.0818018304274226,1.0420441406521863,0.98707054491358748,0.97381798165517541,0.96621002867349426,0.92547066754578289,0.91639020753538936,0.89233925939975245,0.89233925939975245,0.84251943826164744,0.82337684688838553,0.81797765444977311,0.79490837766661115,0.76889408682602434,0.74165270679484374,0.71784717649732566,0.71563841595425703,0.67980741158892033,0.67759865104585149,0.63882263262309014,0.63366885802259643,0.61526252016369065,0.5799223514745917,0.57084189146419817,0.56323393848251702,0.52715751627906171,0.53108420168896164,0.50605158220084967,0.48200063406521287,0.4687480708068007,0.44862380808106361
0.41205655020137083,0.45279591132908226,0.44911464375730115,0.473165591892938,0.48347314109392531,0.49697112219045619,0.51660454923995569,0.5031065681434248,0.53991924386123635,0.5715781449785543,0.58384903688449141,0.59243866121864752,0.61526252016369065,0.64029513965180251,0.65133894236714607,0.67612614401713922,0.67023611590228938,0.69428706403792628,0.7185834300116819,0.75588694140573087,0.76349489438741203,0.77920163602701165,0.78950918522799873,0.7939267063141362,0.84251943826164744,0.84620070583342866,0.86681580423540305,0.89283009507598998,0.89552969129529603,0.92817026376508893,0.93995031999478873,0.93209694917498886,0.96301959677795068,0.99860518330516856,0.99737809411457479,1.0253557276601115,1.0148027606210057,1.0366449482135738,1.0452345725477299,1.0697763563596043,1.0749301309600978,1.0962814828764287,1.0864647693516787,1.1134607315447407,1.0916185439521724,1.1353029191373087,1.1102702996491969,1.126467876965034,1.0943181401714788,1.1122336423541468,1.0992264969338534,1.1313762337274091,1.1269587126412715,1.1181236704689967,1.098735661257616,1.1048711072105848,1.1166511634402843,1.0658496709497043,1.111988224516028,1.0594688071586171,1.0535787790437672,1.084501426646729,1.0592233893204981,1.0206927887358554,1.0152935962972429,0.99345140870467485,0.98952472329477503,0.97921717409378783,0.95442997244379457,0.92448899619330782,0.9308698599843952,0.90313764427697718,0.92350732484083287,0.84153776690917248,0.85601741935817843,0.83123021770818517,0.80668843389631084,0.79687172037156118,0.792208781447305,0.75196025599583105,0.75711403059632454,0.67858032239832655,0.70263127053396357,0.67931657591268291,0.68152533645575153,0.65379312074833351,0.61182667043002825,0.6194346234117093,0.61452626664933441,0.58384903688449141,0.57010563794984181,0.56421560983499197,0.53869215467064258,0.50727867139144345,0.50187947895283103,0.48298230541768783,0.46555763891125695,0.46212178917759461,0.44837839024294496,0.41966450318305187
0.39733147991424617,0.40199441883850229,0.41573781777315205,0.44248836212809506,0.4525504934909636,0.46015844647264464,0.46850265296868193,0.48911775137065638,0.49942530057164369,0.52077665248797433,0.53599255845133642,0.53697422980381138,0.54384592927113629,0.59685618230478488,0.57354148768350421,0.62900591909834047,0.65992856670130207,0.66360983427308329,0.65575646345328353,0.67612614401713922,0.70434919540079477,0.68618827538000771,0.74042561760424996,0.72766389002207543,0.74067103544236879,0.77331160791216169,0.77502953277899289,0.8076701052487858,0.82092266850719808,0.84399194529035992,0.87368750370272785,0.88301338155124021,0.85945326909184083,0.88669464912302143,0.90559182265816451,0.93970490215667002,0.93479654539429513,0.92718859241261398,0.9600745827205257,0.99271515519031861,0.98363469517992508,0.96400126813042575,1.0010593616863559,0.97921717409378783,0.99664184060021865,1.0157844319734806,1.0079310611536809,0.9804442632843815,0.9993414368195247,1.020201953059618,0.99271515519031861,1.0346816055086239,0.99394224438091239,1.009648986020512,0.99296057302843743,1.0292824130700116,0.96277417893983186,0.98657970923735006,1.0047406292581371,0.96866420705468181,0.95884749352993215,0.95222121190072595,0.93209694917498886,0.920562310783408,0.92669775673637655,0.89111217020915867,0.89479343778093989,0.84914571989085352,0.89307551291410869,0.85528116584382219,0.82632186094581039,0.84399194529035992,0.81748681877353557,0.80546134470571706,0.77208451872156791,0.73919852841365641,0.73674435003246885,0.73036348624138148,0.7237372046121755,0.69404164619980746,0.67465363698842684,0.65060268885278982,0.64986643533843358,0.61550793800180936,0.60446413528646603,0.62434298017408418,0.58041318715082901,0.55709849252954846,0.54188258656618637,0.54163716872806755,0.52593042708846793,0.49206276542808131,0.4569680145771009,0.47365642756917553,0.45426841835779475,0.43242623076522657,0.42457285994542676,0.40886611830582714,0.40690277560087718,0.38996894477068395
0.36199131122514711,0.37671638151227177,0.37573471015979676,0.41205655020137083,0.4199099210211707,0.42530911345978301,0.41524698209691452,0.43880709455631395,0.48470023028451903,0.4842093946082815,0.48936316920877515,0.49672570435233743,0.52470333789787416,0.5116961924775808,0.56323393848251702,0.57378690552162293,0.59489283959983497,0.57133272714043548,0.59734701798102241,0.60421871744834721,0.61158125259190965,0.63514136505130903,0.64618516776665247,0.67023611590228938,0.69109663214238248,0.7185834300116819,0.7337993359750441,0.73453558948940023,0.75564152356761227,0.74459772085226872,0.76864866898790563,0.77380244358839911,0.7853370819799802,0.792208781447305,0.81380555120175435,0.82681269662204782,0.84767321286214103,0.84006525988045999,0.8606803582824345,0.87687793559827165,0.8812954566844089,0.87614168208391541,0.91295435780172696,0.86951540045470932,0.89209384156163374,0.90117430157202727,0.89945637670519596,0.88865799182797134,0.91933522159281433,0.91050017942053951,0.90804600103935218,0.92448899619330782,0.91639020753538936,0.89184842372351492,0.898474705352721,0.87908669614134016,0.9068189118487584,0.90755516536311454,0.87736877127450907,0.85945326909184083,0.8727058323502529,0.8727058323502529,0.83417523176561015,0.81503264039234813,0.82411310040274166,0.83319356041313519,0.83270272473689766,0.79417212415225491,0.79319045279977995,0.78631875333245516,0.77895621818889282,0.74140728895672503,0.75809570194879961,0.72324636893593797,0.71784717649732566,0.6807890829413954,0.65821064183447087,0.67808948672208913,0.64962101750031487,0.64962101750031487,0.60740914934389101,0.58973906499934137,0.59906494284785361,0.56372477415875455,0.57010563794984181,0.55096304657657991,0.52715751627906171,0.52151290600233058,0.49844362921916868,0.5099782676107496,0.47071141351175066,0.46015844647264464,0.43095372373651408,0.43758000536572017,0.43414415563205777,0.4140198929063208,0.40199441883850229,0.38653309503702149,0.37180802474989688,0.37475303880732175
0.34947500148109117,0.3507020906716849,0.34898416580485364,0.35561044743405973,0.3961043907236525,0.39095061612315885,0.41279280371572707,0.40223983667662111,0.41303822155384579,0.44494254050928256,0.44813297240482614,0.44960547943353862,0.49304443678055632,0.486663572989469,0.49451694380926875,0.49476236164738752,0.5065424178770872,0.53967382602311764,0.55317180711964842,0.55488973198647973,0.56789687740677319,0.60470955312458474,0.58924822932310394,0.62336130882160923,0.62311589098349052,0.65698355264387709,0.6604194023775396,0.6807890829413954,0.65428395642457104,0.69330539268545122,0.69895000296218235,0.70729420945821975,0.72275553325970054,0.72643680083148165,0.74459772085226872,0.76963034034038058,0.74705189923345616,0.77625662196958667,0.77036659385473671,0.78631875333245516,0.79981673442898604,0.81184220849680455,0.81086053714432949,0.82141350418343551,0.80668843389631084,0.80349800200076726,0.80816094092502344,0.81356013336363575,0.84497361664283488,0.84055609555669752,0.82214975769779164,0.82534018959333555,0.80276174848641102,0.8145418047161106,0.81208762633492315,0.80570676254383589,0.81773223661165428,0.80472509119136082,0.79883506307651109,0.82018641499284173,0.78901834955176142,0.77576578629334914,0.76987575817849929,0.76226780519681825,0.74705189923345616,0.74410688517603119,0.74582481004286239,0.68790620024683891,0.72079219055475063,0.70582170242950715,0.69036037862802624,0.67858032239832655,0.65305686723397716,0.66164649156813327,0.62876050126022154,0.63955888613744638,0.61452626664933441,0.60863623853448467,0.61059958123943459,0.56716062389241695,0.55979808874885462,0.53844673683252398,0.5251941735741118,0.52077665248797433,0.50605158220084967,0.5031065681434248,0.49402610813303122,0.47758311297907546,0.45868593944393216,0.4380708410419577,0.43635291617512645,0.42260951724047685,0.42236409940235808,0.37573471015979676,0.39291395882810881,0.38849643774197146,0.38751476638949645,0.35561044743405973,0.35413794040534735,0.33254117065089783
0.29474682358061127,0.319043189554367,0.33843119876574773,0.34014912363257888,0.34603915174742883,0.37229886042613436,0.3833426631414778,0.38358808097959657,0.38898727341820893,0.38923269125632765,0.40862070046770849,0.4208915923736456,0.43561666266077026,0.42383660643107052,0.46899348864491935,0.45991302863452588,0.47095683134986932,0.48445481244640021,0.48494564812263768,0.5116961924775808,0.53280212655579284,0.54360051143301757,0.54679094332856126,0.53820131899440526,0.56053434226321075,0.59611992879042863,0.58605779742756026,0.60421871744834721,0.63489594721319009,0.6142808488112157,0.62458839801220289,0.62925133693645907,0.65060268885278982,0.67931657591268291,0.68569743970377006,0.65894689534882711,0.70631253810574468,0.7237372046121755,0.7016495991814885,0.73502642516563765,0.71882884784980061,0.72962723272702523,0.74067103544236879,0.73306308246068774,0.72520971164088788,0.75097858464335598,0.74557939220474356,0.72790930786019414,0.74287979598543763,0.76717616195919314,0.75269650951018729,0.72913639705078792,0.71686550514485059,0.73453558948940023,0.72496429380276917,0.74656106355721874,0.73600809651811272,0.73429017165128141,0.72570054731712541,0.70459461323891348,0.73159057543197525,0.69674124241911362,0.70606712026762586,0.68643369321812642,0.68741536457060137,0.65722897048199591,0.66459150562555824,0.63784096127061507,0.65330228507209598,0.64643058560477118,0.63072384396517156,0.59980119636220985,0.61968004124982812,0.58090402282706655,0.55194471792905475,0.55808016388202342,0.52568500925034922,0.53967382602311764,0.52102207032609316,0.51194161031569962,0.51218702815381822,0.49132651191372506,0.50973284977263089,0.47831936649343165,0.44690588321423247,0.45426841835779475,0.4380708410419577,0.41058404317265834,0.42849954535532669,0.40101274748602739,0.41843741399245821,0.38456975233207152,0.36542716095880956,0.36420007176821584,0.36100963987267209,0.35536502959594102,0.31118981873456714,0.32910532091723543,0.32370612847862312,0.3241969641548606
0.28542094573209909,0.29621933060932376,0.29695558412368001,0.30456353710536105,0.31192607224892338,0.33548618470832281,0.34873874796673499,0.35389252256722853,0.34751165877614115,0.36076422203455338,0.38825101990385269,0.39119603396127761,0.40150358316226487,0.41156571452513335,0.39463188369494001,0.42948121670780171,0.43635291617512645,0.45893135728205092,0.45623176106274477,0.46163095350135713,0.48739982650382518,0.48003729136026285,0.48715440866570642,0.50114322543847489,0.52421250222163673,0.50163406111471232,0.54433676494737382,0.56127059577756711,0.55145388225281733,0.56568811686370457,0.59415658608547872,0.59464742176171625,0.59489283959983497,0.60888165637260339,0.59931036068597243,0.61035416340131576,0.60495497096270345,0.62262505530725298,0.63514136505130903,0.65305686723397716,0.65747438832011473,0.65256603155773973,0.6690090267116956,0.6672911018448644,0.65845605967258958,0.66311899859684564,0.64765767479536485,0.66508234130179567,0.67097236941664562,0.66974528022605184,0.68839703592307644,0.67318112995971424,0.66581859481615191,0.66949986238793302,0.6604194023775396,0.67538989050278297,0.67097236941664562,0.63514136505130903,0.63195093315576534,0.64790309263348356,0.64103139316615887,0.63784096127061507,0.63293260450824029,0.60004661420032857,0.61452626664933441,0.60814540285824714,0.61968004124982812,0.5784498444458791,0.57280523416914797,0.54090091521371131,0.54041007953747389,0.54507301846172995,0.55906183523449837,0.52494875573599309,0.55881641739637966,0.51979498113549938,0.50187947895283103,0.49525319732362505,0.48936316920877515,0.49206276542808131,0.46236720701571332,0.45917677512016963,0.43537124482265149,0.43856167671819518,0.42997205238403907,0.40027649397167114,0.40027649397167114,0.39561355504741497,0.38996894477068395,0.36567257879692822,0.36812675717811572,0.34972041931920989,0.33254117065089783,0.3369586917370353,0.32296987496426682,0.32395154631674178,0.32198820361179181,0.30456353710536105,0.3038272835910048,0.31020814738209213
0.25081703055735616,0.25523455164349357,0.27143212895933061,0.28443927437962407,0.3131531614395171,0.29597391277120499,0.30824480467714221,0.31339857927763587,0.336222438222679,0.33352284200337284,0.32714197821228552,0.3413762128231726,0.35585586527217855,0.38137932043652789,0.38432433449395281,0.39831315126672118,0.38923269125632765,0.39463188369494001,0.41377447506820203,0.42948121670780171,0.41279280371572707,0.45328674700531979,0.4466604653761137,0.45623176106274477,0.45770426809145714,0.47046599567363184,0.48641815515135017,0.51022368544886842,0.47463809892165049,0.5099782676107496,0.52593042708846793,0.52273999519292424,0.52470333789787416,0.54556385413796749,0.55562598550083597,0.5406554973755926,0.54360051143301757,0.57280523416914797,0.56004350658697333,0.57525941255033552,0.58384903688449141,0.57255981633102926,0.58753030445627263,0.57918609796023535,0.58679405094191639,0.60372788177210979,0.6039732996102285,0.58090402282706655,0.59317491473300366,0.60200995690527848,0.60348246393399108,0.59931036068597243,0.60127370339092223,0.60716373150577219,0.59685618230478488,0.59096615418993503,0.56716062389241695,0.60740914934389101,0.57354148768350421,0.58262194769389775,0.56077976010132968,0.57943151579835417,0.58900281148498512,0.55390806063400477,0.56397019199687326,0.54826345035727364,0.5423734222424238,0.53108420168896164,0.5031065681434248,0.53844673683252398,0.49328985461867503,0.49500777948550623,0.49083567623748758,0.48126438055085663,0.4739018454072943,0.46801181729244445,0.45107798646225111,0.4390525123944326,0.44788755456670748,0.42653620265037673,0.43119914157463285,0.40567568641028351,0.39659522639988998,0.39070519828504013,0.38653309503702149,0.3688630106924719,0.36346381825385959,0.3507020906716849,0.34113079498505389,0.33401367767961032,0.33278658848901665,0.33131408146030417,0.31879777171624818,0.29744641979991748,0.30873564035337969,0.28861137762764272,0.26161541543458089,0.28713887059893023,0.27511339653111178,0.25965207272963092
0.23241069269845038,0.24492700244250631,0.2643150116538871,0.2677508613875495,0.25621622299596852,0.26897795057814317,0.28959304898011767,0.27781299275041799,0.29376515222813632,0.30284561223852985,0.30137310520981736,0.33008699226971039,0.32910532091723543,0.3217427857736731,0.36002796852019719,0.35904629716772218,0.37647096367415295,0.3799068134078154,0.38187015611276531,0.3926685409899901,0.38187015611276531,0.39340479450434634,0.40788444695335219,0.42604536697413925,0.40346692586721478,0.43119914157463285,0.45377758268155727,0.43267164860334534,0.45844052160581339,0.46923890648303818,0.49108109407560641,0.4721839205404631,0.51267786383005576,0.47611060595036298,0.50776950706768098,0.4859273194751127,0.50605158220084967,0.52249457735480553,0.5151320422112432,0.52985711249836787,0.50261573246718727,0.53820131899440526,0.5151320422112432,0.53771048331816773,0.53697422980381138,0.50948743193451207,0.51537746004936202,0.53206587304143649,0.56397019199687326,0.56249768496816077,0.56077976010132968,0.55709849252954846,0.56789687740677319,0.55611682117707339,0.56200684929192335,0.535501722775099,0.54041007953747389,0.54458218278549253,0.50605158220084967,0.52838460546965538,0.52396708438351802,0.52347624870728049,0.50506991084837471,0.4876452443419439,0.48003729136026285,0.50212489679094985,0.49476236164738752,0.47463809892165049,0.46972974215927565,0.46703014593996944,0.45525008971026976,0.45623176106274477,0.44199752645185758,0.43365331995582029,0.43561666266077026,0.42899038103156423,0.42506369562166424,0.40812986479147101,0.39242312315187133,0.40003107613355238,0.38825101990385269,0.37278969610237178,0.37843430637910291,0.36297298257762206,0.34260330201376638,0.34775707661425997,0.32321529280238559,0.33867661660386644,0.30456353710536105,0.31977944306872319,0.3038272835910048,0.28370302086526783,0.28762970627516776,0.27634048572170555,0.27413172517863682,0.25940665489151221,0.25547996948161228,0.2493445235286437,0.24762659866181252,0.2331469462128066
0.22333023268805685,0.22922026080290669,0.24345449541379385,0.25204411974794988,0.26750544354943073,0.26382417597764957,0.25768873002468101,0.26308792246329338,0.26235166894893708,0.27486797869299306,0.29646474844744247,0.28124884248408039,0.30824480467714221,0.30480895494347982,0.32321529280238559,0.31217149008704209,0.32493321766921679,0.35266543337663486,0.33941287011822269,0.36051880419643467,0.37278969610237178,0.35708295446277222,0.38481517017019029,0.38137932043652789,0.38898727341820893,0.37794347070286544,0.38162473827464666,0.4012581653241461,0.43070830589839537,0.40076732964790862,0.42260951724047685,0.42751787400285174,0.44273377996621383,0.42997205238403907,0.43438957347017654,0.4628580426919508,0.46752098161620692,0.43438957347017654,0.46138553566323831,0.45844052160581339,0.47120224918798809,0.4756197702741255,0.47169308486422556,0.48911775137065638,0.4859273194751127,0.48224605190333153,0.47758311297907546,0.48887233353253767,0.49770737570481238,0.47512893459788796,0.48396397677016284,0.50261573246718727,0.50457907517213718,0.50237031462906856,0.50261573246718727,0.46261262485383209,0.47979187352214414,0.48494564812263768,0.48739982650382518,0.4662938924256132,0.46703014593996944,0.46482138539690077,0.45549550754838852,0.43242623076522657,0.44690588321423247,0.45107798646225111,0.41254738587760831,0.44396086915680755,0.44420628699492626,0.41549239993503323,0.41156571452513335,0.39978565829543367,0.40665735776275852,0.39634980856177121,0.37867972421722174,0.38358808097959657,0.37892514205534039,0.38604225936078396,0.3688630106924719,0.36616341447316575,0.3413762128231726,0.32885990307911667,0.34972041931920989,0.32395154631674178,0.32591488902169174,0.32591488902169174,0.3131531614395171,0.3021093587241736,0.28885679546576143,0.28861137762764272,0.2729046359880431,0.26726002571131202,0.26038832624398717,0.26652377219695572,0.24664492730933751,0.24443616676626884,0.24983535920488117,0.23412861756528158,0.22529357539300682,0.21694936889696953
0.20811432672469474,0.20590556618162603,0.21547686186825704,0.22774775377419426,0.227993171612313,0.23486487107963783,0.22652066458360054,0.23388319972716284,0.24026406351825019,0.24517242028062508,0.25768873002468101,0.25793414786279972,0.26333334030141209,0.28173967816031786,0.28861137762764272,0.28124884248408039,0.30260019440041108,0.30309103007664856,0.31168065441080461,0.31585275765882326,0.32566947118357303,0.35045667283356613,0.33082324578406663,0.34186704849941013,0.33867661660386644,0.33671327389891648,0.36125505771079092,0.36272756473950335,0.3705809355593031,0.37745263502662796,0.38113390259840912,0.38628767719890278,0.36272756473950335,0.38653309503702149,0.39880398694295865,0.40911153614394585,0.42236409940235808,0.4046940150578085,0.42064617453552688,0.4191736675068144,0.41868283183057686,0.4208915923736456,0.43586208049888903,0.42236409940235808,0.42162784588800184,0.44616962969987622,0.43389873779393906,0.43168997725087038,0.43831625888007641,0.44813297240482614,0.4346349913082953,0.43119914157463285,0.41573781777315205,0.43659833401324527,0.42899038103156423,0.42948121670780171,0.44592421186175746,0.42874496319344541,0.42948121670780171,0.42678162048849549,0.41819199615433938,0.39806773342860247,0.41082946101077716,0.40592110424840228,0.39855856910483994,0.39095061612315885,0.39659522639988998,0.38653309503702149,0.37033551772118439,0.37647096367415295,0.37917055989345916,0.37720721718850925,0.36125505771079092,0.35953713284395966,0.3507020906716849,0.33254117065089783,0.33106866362218534,0.33155949929842282,0.3234607106405043,0.32714197821228552,0.31707984684941698,0.30898105819149846,0.31536192198258578,0.28272134951279287,0.28542094573209909,0.27560423220734925,0.28002175329348666,0.27511339653111178,0.26922336841626199,0.26676919003507454,0.25646164083408729,0.24517242028062508,0.24320907757567509,0.23290152837468789,0.2314290213459754,0.23805530297518149,0.22259397917370061,0.22087605430686943,0.20394222347667609,0.21130475862023843
0.18136378236975167,0.18283628939846411,0.20590556618162603,0.20394222347667609,0.20394222347667609,0.21719478673508827,0.22382106836429436,0.22161230782122562,0.22602982890736306,0.24100031703260644,0.23020193215538171,0.22774775377419426,0.24860827001428748,0.24713576298557502,0.278794664102893,0.26971420409249947,0.27364088950239934,0.2746225608548743,0.28100342464596167,0.28198509599843663,0.27584965004546808,0.29990059818110493,0.3021093587241736,0.31511650414446707,0.31413483279199206,0.31585275765882326,0.31438025063011077,0.31462566846822954,0.32321529280238559,0.3345045133558478,0.31928860739248566,0.34063995930881635,0.34530289823307253,0.34652998742366625,0.35806462581524717,0.36199131122514711,0.36469090744445326,0.35659211878653468,0.3671450858256407,0.37450762096920309,0.37426220313108427,0.38628767719890278,0.37548929232167799,0.38874185558009011,0.38506058800830906,0.38358808097959657,0.38776018422761527,0.40886611830582714,0.39929482261919613,0.37917055989345916,0.37941597773157792,0.41303822155384579,0.39119603396127761,0.3823609917890029,0.37843430637910291,0.37794347070286544,0.40886611830582714,0.37352594961672808,0.39634980856177121,0.40199441883850229,0.37966139556969664,0.37107177123554064,0.37598012799791553,0.3671450858256407,0.37033551772118439,0.36395465393009707,0.38211557395088408,0.35806462581524717,0.34554831607119124,0.33205033497466035,0.35880087932960342,0.33941287011822269,0.33548618470832281,0.32689656037416676,0.31266232576327962,0.30284561223852985,0.29646474844744247,0.31855235387812947,0.305545208457836,0.2915563916850677,0.27265921814992439,0.27781299275041799,0.27535881436923054,0.26505126516824334,0.26529668300636206,0.27364088950239934,0.24345449541379385,0.2532712089385436,0.25351662677666237,0.23020193215538171,0.2206306364687507,0.2297110964791442,0.22406648620241307,0.22136688998310691,0.21596769754449452,0.22038521863063196,0.19608885265687628,0.20418764131479483,0.19068966021826395,0.17915502182668297
0.15976701261530221,0.17719167912173303,0.18160920020787041,0.18185461804598912,0.17817335047420801,0.19780677752370748,0.19633427049499505,0.21056850510588218,0.20050637374301369,0.20222429860984489,0.22283939701181937,0.21915812944003821,0.21866729376380073,0.23486487107963783,0.2297110964791442,0.25032619488111868,0.25376204461478108,0.24394533109003133,0.25425288029101861,0.2532712089385436,0.28026717113160537,0.26873253274002445,0.26652377219695572,0.28493011005586161,0.2711867111212119,0.29523765925684881,0.28959304898011767,0.29131097384694887,0.30235477656229237,0.30677229764842978,0.32468779983109802,0.31192607224892338,0.31045356522021089,0.32149736793555439,0.32395154631674178,0.33082324578406663,0.32247903928802929,0.33720410957515395,0.36002796852019719,0.31560733982070455,0.34554831607119124,0.34824791229049745,0.36444548960633455,0.3507020906716849,0.34432122688059752,0.36272756473950335,0.35119292634792237,0.35021125499544742,0.36174589338702834,0.34211246633752884,0.35291085121475357,0.33843119876574773,0.36272756473950335,0.35781920797712852,0.34849333012861616,0.3403945414706977,0.34260330201376638,0.35462877608158472,0.35291085121475357,0.34677540526178502,0.32861448524099796,0.33892203444198521,0.32812364956476042,0.3241969641548606,0.3403945414706977,0.32836906740287919,0.33818578092762897,0.30652687981031101,0.32616030685981051,0.31045356522021089,0.31094440089644843,0.29278348087566136,0.28149426032219915,0.28787512411328647,0.29229264519942383,0.28124884248408039,0.26971420409249947,0.26529668300636206,0.28345760302714912,0.25646164083408729,0.26701460787319325,0.25179870190983117,0.25621622299596852,0.23167443918409414,0.25376204461478108,0.25032619488111868,0.22504815755488805,0.21621311538261329,0.21694936889696953,0.20737807321033852,0.20590556618162603,0.20271513428608237,0.20148804509548865,0.20296055212420114,0.19486176346628256,0.19559801698063881,0.18725381048460155,0.17547375425490183,0.16786580127322073,0.17424666506430808
0.16001243045342098,0.16590245856827082,0.15755825207223353,0.16786580127322073,0.1681112191113395,0.17621000776925802,0.1899534067039077,0.18259087156034537,0.19584343481875754,0.20148804509548865,0.19142591373262016,0.20860516240093224,0.19977012022865748,0.21474060835390085,0.21130475862023843,0.20222429860984489,0.22308481484993811,0.23020193215538171,0.23093818566973789,0.24173657054696265,0.23093818566973789,0.24149115270884391,0.24689034514745628,0.24615409163310004,0.25179870190983117,0.26897795057814317,0.26750544354943073,0.25916123705339345,0.28370302086526783,0.24664492730933751,0.28296676735091159,0.27830382842665552,0.28443927437962407,0.28296676735091159,0.29327431655189884,0.28738428843704894,0.29032930249447392,0.30112768737169859,0.31241690792516091,0.30971731170585465,0.29302889871378013,0.31511650414446707,0.30677229764842978,0.32223362144991063,0.30235477656229237,0.32738739605040423,0.32616030685981051,0.32395154631674178,0.32640572469792928,0.32395154631674178,0.31118981873456714,0.30775396900090468,0.31732526468753575,0.32566947118357303,0.3183069360400107,0.31536192198258578,0.30456353710536105,0.29671016628556129,0.319043189554367,0.30088226953357994,0.31413483279199206,0.31806151820189199,0.29818267331427373,0.29891892682862992,0.30677229764842978,0.28934763114199891,0.29032930249447392,0.28296676735091159,0.27609506788358679,0.29106555600883016,0.27094129328309319,0.27167754679744943,0.27069587544497442,0.25253495542418736,0.2643150116538871,0.26701460787319325,0.24541783811874379,0.27167754679744943,0.2549891338053748,0.2297110964791442,0.23290152837468789,0.23118360350785666,0.23412861756528158,0.23044734999350042,0.21424977267766335,0.21449519051578211,0.20885058023905098,0.20983225159152594,0.1899534067039077,0.19216216724697641,0.18897173535143272,0.18676297480836404,0.17670084344549553,0.18700839264648278,0.17007456181628944,0.16958372614005196,0.1536315666623336,0.15878534126282726,0.14626903151877133,0.16320286234896464
0.14700528503312751,0.14209692827075265,0.14651444935689006,0.15682199855787729,0.15584032720540231,0.14847779206184,0.16712954775886457,0.17007456181628944,0.17400124722618934,0.17228332235935817,0.19118049589450145,0.17400124722618934,0.17621000776925802,0.19142591373262016,0.18676297480836404,0.20664181969598228,0.19756135968558874,0.20909599807716969,0.2095868337534072,0.21277726564895089,0.22234856133558187,0.21744020457320701,0.22922026080290669,0.22774775377419426,0.21375893700142587,0.23118360350785666,0.23069276783161916,0.23118360350785666,0.24885368785240619,0.25842498353903726,0.23854613865141899,0.25523455164349357,0.25891581921527473,0.26750544354943073,0.26087916192022464,0.25474371596725603,0.26308792246329338,0.26554210084448082,0.26750544354943073,0.28443927437962407,0.26284250462517461,0.27584965004546808,0.28738428843704894,0.27192296463556814,0.29008388465635521,0.28026717113160537,0.28345760302714912,0.29057472033259268,0.27584965004546808,0.28640261708457398,0.28787512411328647,0.27830382842665552,0.29867350899051121,0.29646474844744247,0.28149426032219915,0.29474682358061127,0.29523765925684881,0.29253806303754265,0.26824169706378698,0.26750544354943073,0.25817956570091849,0.2797763354553679,0.27192296463556814,0.2625970867870559,0.25302579110042484,0.26014290840586846,0.24738118082369376,0.24909910569052493,0.25646164083408729,0.26284250462517461,0.24958994136676244,0.25278037326230612,0.23535570675587533,0.24320907757567509,0.23461945324151909,0.22725691809795676,0.21793104024944451,0.22455732187865057,0.20075179158113243,0.20762349104845726,0.22013980079251319,0.20050637374301369,0.20443305915291357,0.21326810132518836,0.21866729376380073,0.19142591373262016,0.18921715318955146,0.18308170723658287,0.17031997965440818,0.17375582938807058,0.17841876831232675,0.16590245856827082,0.17400124722618934,0.16148493748213341,0.15608574504352105,0.14847779206184,0.14185151043263391,0.14626903151877133,0.14749612070936502,0.13056228987917171
0.12295433689749063,0.13178937906976543,0.13890649637520899,0.13375272177471537,0.13007145420293423,0.13866107853709025,0.14872320989995874,0.14675986719500878,0.15461323801480858,0.14700528503312751,0.16393911586332088,0.16123951964401464,0.15878534126282726,0.17571917209302057,0.18136378236975167,0.17424666506430808,0.18185461804598912,0.18921715318955146,0.18823548183707647,0.1951071813044013,0.19903386671430123,0.19633427049499505,0.20688723753410102,0.19780677752370748,0.21572227970637578,0.21302268348706963,0.20197888077172615,0.2370736316227065,0.21277726564895089,0.23756446729894398,0.21915812944003821,0.23265611053656915,0.24026406351825019,0.2314290213459754,0.24860827001428748,0.24419074892815007,0.2336377818890441,0.23731904946082524,0.23412861756528158,0.24566325595686253,0.26701460787319325,0.23486487107963783,0.27388630734051805,0.24860827001428748,0.25228953758606859,0.24983535920488117,0.25523455164349357,0.26136999759646212,0.26578751868259953,0.26873253274002445,0.26995962193061818,0.25867040137715597,0.2625970867870559,0.25940665489151221,0.26726002571131202,0.26235166894893708,0.26382417597764957,0.24664492730933751,0.24443616676626884,0.25351662677666237,0.24811743433804997,0.24001864568013143,0.25744331218656225,0.23952781000389395,0.23609196027023155,0.22431190404053181,0.25425288029101861,0.23903697432765644,0.22995651431726294,0.22529357539300682,0.22406648620241307,0.22652066458360054,0.2206306364687507,0.22480273971676931,0.21940354727815697,0.21081392294400092,0.20713265537221978,0.20566014834350732,0.19682510617123253,0.19437092779004506,0.18700839264648278,0.18529046777965155,0.19118049589450145,0.17890960398856426,0.17989127534103921,0.18872631751331398,0.17130165100688319,0.17400124722618934,0.16393911586332088,0.1720379045212394,0.15166822395738369,0.15068655260490868,0.15093197044302745,0.14381485313758388,0.15436782017668985,0.13645231799402155,0.15387698450045234,0.14037900340392145,0.12467226176432185,0.13252563258412167
0.11240136985838466,0.11461013040145335,0.1244268439262031,0.12221808338313442,0.13350730393659663,0.13841566069897152,0.14185151043263391,0.13473439312719035,0.15387698450045234,0.15044113476678997,0.1536315666623336,0.15289531314797741,0.14921404557619622,0.14872320989995874,0.1607486839677772,0.16173035532025215,0.16835663694945824,0.15706741639599603,0.17081081533064568,0.17522833641678306,0.17277415803559562,0.18062752885539546,0.18185461804598912,0.18848089967519521,0.18872631751331398,0.19118049589450145,0.20688723753410102,0.19461634562816382,0.19191674940885764,0.18848089967519521,0.20050637374301369,0.22087605430686943,0.21424977267766335,0.21302268348706963,0.21302268348706963,0.22161230782122562,0.22161230782122562,0.22259397917370061,0.21842187592568196,0.21032308726776344,0.22087605430686943,0.23191985702221291,0.23486487107963783,0.22136688998310691,0.23118360350785666,0.21744020457320701,0.23265611053656915,0.22308481484993811,0.2314290213459754,0.24026406351825019,0.2297110964791442,0.22185772565934436,0.23118360350785666,0.2297110964791442,0.21449519051578211,0.23216527486033164,0.2370736316227065,0.2211214721449882,0.22529357539300682,0.22210314349746313,0.23093818566973789,0.2331469462128066,0.21964896511627571,0.23191985702221291,0.21793104024944451,0.22210314349746313,0.21449519051578211,0.19461634562816382,0.21375893700142587,0.20909599807716969,0.20148804509548865,0.20541473050538858,0.20369680563855735,0.20615098401974483,0.18921715318955146,0.18725381048460155,0.18700839264648278,0.19707052400935129,0.17866418615044549,0.17252874019747691,0.18210003588410792,0.17351041154995187,0.16369369802520212,0.16001243045342098,0.15485865585292732,0.16737496559698326,0.15633116288163981,0.15682199855787729,0.14896862773807748,0.13645231799402155,0.14430568881382136,0.13596148231778407,0.1519136417955024,0.13890649637520899,0.13497981096530909,0.13154396123164669,0.12761727582174678,0.12835352933610303,0.10945635580095973,0.12810811149798426
0.1047934168767036,0.1087201022866035,0.11902765148759074,0.11755514445887828,0.11706430878264079,0.1182913979732345,0.12197266554501567,0.12172724770689693,0.13203479690788417,0.13228021474600293,0.14013358556580269,0.13154396123164669,0.14160609259451515,0.13547064664154659,0.15338614882421489,0.13743398934649653,0.14381485313758388,0.15117738828114619,0.15608574504352105,0.14921404557619622,0.15755825207223353,0.14995029909055246,0.16222119099648966,0.16541162289203332,0.16320286234896464,0.17056539749252694,0.18627213913212656,0.1843087964271766,0.17571917209302057,0.17890960398856426,0.18381796075093912,0.17817335047420801,0.19093507805638266,0.18848089967519521,0.19780677752370748,0.19216216724697641,0.20909599807716969,0.19068966021826395,0.20246971644796363,0.21375893700142587,0.20075179158113243,0.19633427049499505,0.20369680563855735,0.19388009211380763,0.20075179158113243,0.20590556618162603,0.20050637374301369,0.20099720941925114,0.20026095590489493,0.21302268348706963,0.20934141591528843,0.21400435483954461,0.20811432672469474,0.20615098401974483,0.2135135191633071,0.20075179158113243,0.20369680563855735,0.20909599807716969,0.19388009211380763,0.20148804509548865,0.21081392294400092,0.19756135968558874,0.20271513428608237,0.19240758508509515,0.19633427049499505,0.18529046777965155,0.18259087156034537,0.18553588561777032,0.1951071813044013,0.18529046777965155,0.18553588561777032,0.16197577315837089,0.18799006399895776,0.17424666506430808,0.17571917209302057,0.17645542560737679,0.17252874019747691,0.15755825207223353,0.14945946341431496,0.15633116288163981,0.15633116288163981,0.1445511066519401,0.16320286234896464,0.15633116288163981,0.14332401746134638,0.14430568881382136,0.14725070287124628,0.13767940718461527,0.13522522880342783,0.13203479690788417,0.1261447687930343,0.12221808338313442,0.12859894717422174,0.1266356044692718,0.1087201022866035,0.11681889094452205,0.11804598013511577,0.1131376233727409,0.10773843093412852,0.10773843093412852
0.099394224438091247,0.092031689294528929,0.10135756714304119,0.1070021774197723,0.10552967039105983,0.11804598013511577,0.10675675958165355,0.1087201022866035,0.10994719147719723,0.11780056229699702,0.11804598013511577,0.12000932284006571,0.1244268439262031,0.13718857150837779,0.12344517257372814,0.13767940718461527,0.13178937906976543,0.1357160644796653,0.13154396123164669,0.13375272177471537,0.13792482502273404,0.14725070287124628,0.15044113476678997,0.15093197044302745,0.15166822395738369,0.15608574504352105,0.17351041154995187,0.1445511066519401,0.15780366991035227,0.16099410180589591,0.16565704073015208,0.15976701261530221,0.159030759100946,0.16712954775886457,0.18259087156034537,0.16688412992074575,0.19142591373262016,0.18627213913212656,0.17890960398856426,0.16982914397817073,0.18210003588410792,0.18627213913212656,0.19780677752370748,0.18578130345588906,0.17007456181628944,0.17743709695985177,0.19486176346628256,0.1865175569702453,0.19044424238014521,0.18504504994153281,0.17940043966480171,0.19289842076133265,0.18013669317915795,0.18529046777965155,0.19952470239053874,0.18700839264648278,0.16958372614005196,0.18357254291282035,0.18185461804598912,0.1894625710276702,0.1899534067039077,0.18038211101727669,0.17915502182668297,0.18038211101727669,0.17277415803559562,0.17154706884500193,0.17400124722618934,0.16909289046381448,0.17081081533064568,0.16565704073015208,0.16393911586332088,0.14970488125243372,0.1607486839677772,0.16123951964401464,0.15584032720540231,0.14896862773807748,0.15093197044302745,0.15068655260490868,0.15534949152916483,0.14209692827075265,0.13620690015590281,0.13915191421332776,0.13694315367025903,0.12491767960244059,0.13375272177471537,0.12467226176432185,0.12884436501234051,0.12123641203065942,0.11608263743016582,0.1227089190593719,0.11804598013511577,0.11681889094452205,0.12074557635442196,0.12074557635442196,0.10013047795244746,0.11289220553462215,0.10086673146680369,0.10111214930492245,0.10430258120046612,0.092277107132647682
0.092277107132647682,0.092277107132647682,0.09595837470442882,0.091295435780172685,0.10037589579056622,0.10037589579056622,0.099394224438091247,0.10233923849551617,0.11019260931531598,0.12099099419254071,0.11362845904897838,0.10798384877224726,0.11191053418214718,0.11240136985838466,0.11191053418214718,0.1182913979732345,0.12688102230739054,0.12516309744055934,0.13399813961283411,0.12172724770689693,0.12172724770689693,0.13203479690788417,0.12418142608808436,0.13178937906976543,0.14086983908015893,0.14136067475639644,0.13743398934649653,0.14847779206184,0.14921404557619622,0.14234234610887139,0.1519136417955024,0.15044113476678997,0.15166822395738369,0.15436782017668985,0.1536315666623336,0.14970488125243372,0.13743398934649653,0.14945946341431496,0.15412240233857111,0.15584032720540231,0.16909289046381448,0.16025784829153972,0.17915502182668297,0.16884747262569574,0.15976701261530221,0.17424666506430808,0.16688412992074575,0.16344828018708338,0.16516620505391458,0.16884747262569574,0.17007456181628944,0.17792793263608928,0.16295744451084587,0.15755825207223353,0.15314073098609615,0.16688412992074575,0.15853992342470849,0.16148493748213341,0.16614787640638956,0.16246660883460839,0.17154706884500193,0.16393911586332088,0.15927617693906473,0.16222119099648966,0.16173035532025215,0.16050326612965848,0.16197577315837089,0.14234234610887139,0.15093197044302745,0.1450419423281776,0.15485865585292732,0.15044113476678997,0.1445511066519401,0.14258776394699016,0.1450419423281776,0.13129854339352795,0.13620690015590281,0.13473439312719035,0.13375272177471537,0.13596148231778407,0.13596148231778407,0.1266356044692718,0.11755514445887828,0.12884436501234051,0.12369059041184688,0.12074557635442196,0.11730972662075954,0.10651134174353481,0.10896552012472226,0.10724759525789106,0.11240136985838466,0.10552967039105983,0.10602050606729733,0.097676299571260033,0.10160298498115992,0.093258778485122651,0.10209382065739742,0.098167135247497525,0.089822928751460238,0.092522524970766407
